Workbook

Sheet Database
A1: match_id | B1: phase_name | C1: groupe1 | D1: groupe2 | E1: date | F1: time_utc_plus_2 | G1: datetime_utc_plus_2 | H1: team1 | I1: team2 | J1: cote1 | K1: cote_n | L1: cote2 | M1: status | N1: score1_90 | O1: score2_90 | P1: score1_120 | Q1: score2_120 | R1: score1_tab | S1: score2_tab | T1: final_mpp_score1 | U1: final_mpp_score2 | V1: rarete | W1: tab_flag | X1: score_text | Y1: prono_result | Z1: prono_points_max | AA1: result_irl | AD1: score_max_cumul
A2: =ROW(B2)-1 -> 1 | B2: Tour 1 | C2: A | D2: A | E2: 46184 | F2: 0.875 | G2: =E2+F2 -> 46184.875 | H2: Mexique | I2: Afrique du Sud | J2: 49 | K2: 125 | L2: 148 | M2: Terminé | N2: 2 | O2: 0 | T2: =IF(OR(ISBLANK($N2),ISBLANK($O2)),"",IF(LEFT($B2,4)="Tour",N2,IF($N2<>$O2,N2,P2))) -> 2 | U2: =IF(OR(ISBLANK($N2),ISBLANK($O2)),"",IF(LEFT($B2,4)="Tour",O2,IF($N2<>$O2,O2,Q2))) -> 0 | V2: Exact | W2: {=IF(LEFT($B2,4)="Tour",0,IF(AND($N2=$O2,$P2=$Q2,NOT(ISBLANK(N2:Q2))),1,0))} -> 0 | X2: =IF( LEFT(B2,4)="Tour", N2&"-"&O2, IF(AND(A2>=73,A2<=104), IF(N2<>O2, N2&"-"&O2, IF(P2<>Q2, P2&"-"&Q2, IF(AND(NOT(ISBLANK(N2)),NOT(ISBLANK(O2)),NOT(ISBLANK(P2)),NOT(ISBLANK(Q2)),NOT(ISBLANK(R2)),NOT(ISBLANK(S2))), P2 &"-"&Q2&" (tab "&R2&"-"&S2&")", "" ) ) ) ) ) -> 2-0 | Y2: =IF(X2="-","",IF(T2>U2,H2,IF(T2<U2,I2,"Nul"))) -> Mexique | Z2: =IF(M2="Terminé",IF(T2>U2,J2,IF(T2<U2,L2,K2))+VLOOKUP(V2,Setup_ScoreExactBonus!$A:$D,4,FALSE),"") -> 69 | AA2: =IFERROR( IF(M2="Terminé", IF(AND(NOT(ISBLANK(N2)), NOT(ISBLANK(O2))), IF(LEFT(B2,4)="Tour", Y2, IF(Y2<>"Nul", Y2, IF(R2>S2, H2, I2 ))))), "") -> Mexique | AB2: =IF(M2="Terminé",IF(Z2=MAX($Z$2:$Z$105),2,1),"") -> 1 | AD2: =IF(M2="Terminé",SUMPRODUCT(Z$2:Z2,AB$2:AB2),"") -> 69
A3: =ROW(B3)-1 -> 2 | B3: Tour 1 | C3: A | D3: A | E3: 46185 | F3: 0.16666667 | G3: =E3+F3 -> 46185.167 | H3: Corée du Sud | I3: Tchéquie | J3: 96 | K3: 107 | L3: 91 | M3: Terminé | N3: 2 | O3: 1 | T3: =IF(OR(ISBLANK($N3),ISBLANK($O3)),"",IF(LEFT($B3,4)="Tour",N3,IF($N3<>$O3,N3,P3))) -> 2 | U3: =IF(OR(ISBLANK($N3),ISBLANK($O3)),"",IF(LEFT($B3,4)="Tour",O3,IF($N3<>$O3,O3,Q3))) -> 1 | V3: Exact | W3: {=IF(LEFT($B3,4)="Tour",0,IF(AND($N3=$O3,$P3=$Q3,NOT(ISBLANK(N3:Q3))),1,0))} -> 0 | X3: =IF( LEFT(B3,4)="Tour", N3&"-"&O3, IF(AND(A3>=73,A3<=104), IF(N3<>O3, N3&"-"&O3, IF(P3<>Q3, P3&"-"&Q3, IF(AND(NOT(ISBLANK(N3)),NOT(ISBLANK(O3)),NOT(ISBLANK(P3)),NOT(ISBLANK(Q3)),NOT(ISBLANK(R3)),NOT(ISBLANK(S3))), P3 &"-"&Q3&" (tab "&R3&"-"&S3&")", "" ) ) ) ) ) -> 2-1 | Y3: =IF(X3="-","",IF(T3>U3,H3,IF(T3<U3,I3,"Nul"))) -> Corée du Sud | Z3: =IF(M3="Terminé",IF(T3>U3,J3,IF(T3<U3,L3,K3))+VLOOKUP(V3,Setup_ScoreExactBonus!$A:$D,4,FALSE),"") -> 116 | AA3: =IFERROR( IF(M3="Terminé", IF(AND(NOT(ISBLANK(N3)), NOT(ISBLANK(O3))), IF(LEFT(B3,4)="Tour", Y3, IF(Y3<>"Nul", Y3, IF(R3>S3, H3, I3 ))))), "") -> Corée du Sud | AB3: =IF(M3="Terminé",IF(Z3=MAX($Z$2:$Z$105),2,1),"") -> 1 | AD3: =IF(M3="Terminé",SUMPRODUCT(Z$2:Z3,AB$2:AB3),"") -> 185
A4: =ROW(B4)-1 -> 3 | B4: Tour 1 | C4: B | D4: B | E4: 46185 | F4: 0.875 | G4: =E4+F4 -> 46185.875 | H4: Canada | I4: Bosnie-Herzégovine | J4: 65 | K4: 117 | L4: 125 | M4: Terminé | N4: 1 | O4: 1 | T4: =IF(OR(ISBLANK($N4),ISBLANK($O4)),"",IF(LEFT($B4,4)="Tour",N4,IF($N4<>$O4,N4,P4))) -> 1 | U4: =IF(OR(ISBLANK($N4),ISBLANK($O4)),"",IF(LEFT($B4,4)="Tour",O4,IF($N4<>$O4,O4,Q4))) -> 1 | V4: Exact | W4: {=IF(LEFT($B4,4)="Tour",0,IF(AND($N4=$O4,$P4=$Q4,NOT(ISBLANK(N4:Q4))),1,0))} -> 0 | X4: =IF( LEFT(B4,4)="Tour", N4&"-"&O4, IF(AND(A4>=73,A4<=104), IF(N4<>O4, N4&"-"&O4, IF(P4<>Q4, P4&"-"&Q4, IF(AND(NOT(ISBLANK(N4)),NOT(ISBLANK(O4)),NOT(ISBLANK(P4)),NOT(ISBLANK(Q4)),NOT(ISBLANK(R4)),NOT(ISBLANK(S4))), P4 &"-"&Q4&" (tab "&R4&"-"&S4&")", "" ) ) ) ) ) -> 1-1 | Y4: =IF(X4="-","",IF(T4>U4,H4,IF(T4<U4,I4,"Nul"))) -> Nul | Z4: =IF(M4="Terminé",IF(T4>U4,J4,IF(T4<U4,L4,K4))+VLOOKUP(V4,Setup_ScoreExactBonus!$A:$D,4,FALSE),"") -> 137 | AA4: =IFERROR( IF(M4="Terminé", IF(AND(NOT(ISBLANK(N4)), NOT(ISBLANK(O4))), IF(LEFT(B4,4)="Tour", Y4, IF(Y4<>"Nul", Y4, IF(R4>S4, H4, I4 ))))), "") -> Nul | AB4: =IF(M4="Terminé",IF(Z4=MAX($Z$2:$Z$105),2,1),"") -> 1 | AD4: =IF(M4="Terminé",SUMPRODUCT(Z$2:Z4,AB$2:AB4),"") -> 322
A5: =ROW(B5)-1 -> 4 | B5: Tour 1 | C5: D | D5: D | E5: 46186 | F5: 0.125 | G5: =E5+F5 -> 46186.125 | H5: Etats-Unis | I5: Paraguay | J5: 74 | K5: 113 | L5: 115 | M5: Terminé | N5: 4 | O5: 1 | T5: =IF(OR(ISBLANK($N5),ISBLANK($O5)),"",IF(LEFT($B5,4)="Tour",N5,IF($N5<>$O5,N5,P5))) -> 4 | U5: =IF(OR(ISBLANK($N5),ISBLANK($O5)),"",IF(LEFT($B5,4)="Tour",O5,IF($N5<>$O5,O5,Q5))) -> 1 | V5: Très rare | W5: {=IF(LEFT($B5,4)="Tour",0,IF(AND($N5=$O5,$P5=$Q5,NOT(ISBLANK(N5:Q5))),1,0))} -> 0 | X5: =IF( LEFT(B5,4)="Tour", N5&"-"&O5, IF(AND(A5>=73,A5<=104), IF(N5<>O5, N5&"-"&O5, IF(P5<>Q5, P5&"-"&Q5, IF(AND(NOT(ISBLANK(N5)),NOT(ISBLANK(O5)),NOT(ISBLANK(P5)),NOT(ISBLANK(Q5)),NOT(ISBLANK(R5)),NOT(ISBLANK(S5))), P5 &"-"&Q5&" (tab "&R5&"-"&S5&")", "" ) ) ) ) ) -> 4-1 | Y5: =IF(X5="-","",IF(T5>U5,H5,IF(T5<U5,I5,"Nul"))) -> Etats-Unis | Z5: =IF(M5="Terminé",IF(T5>U5,J5,IF(T5<U5,L5,K5))+VLOOKUP(V5,Setup_ScoreExactBonus!$A:$D,4,FALSE),"") -> 124 | AA5: =IFERROR( IF(M5="Terminé", IF(AND(NOT(ISBLANK(N5)), NOT(ISBLANK(O5))), IF(LEFT(B5,4)="Tour", Y5, IF(Y5<>"Nul", Y5, IF(R5>S5, H5, I5 ))))), "") -> Etats-Unis | AB5: =IF(M5="Terminé",IF(Z5=MAX($Z$2:$Z$105),2,1),"") -> 1 | AD5: =IF(M5="Terminé",SUMPRODUCT(Z$2:Z5,AB$2:AB5),"") -> 446
A6: =ROW(B6)-1 -> 5 | B6: Tour 1 | C6: B | D6: B | E6: 46186 | F6: 0.875 | G6: =E6+F6 -> 46186.875 | H6: Qatar | I6: Suisse | J6: 172 | K6: 141 | L6: 33 | M6: Terminé | N6: 1 | O6: 1 | T6: =IF(OR(ISBLANK($N6),ISBLANK($O6)),"",IF(LEFT($B6,4)="Tour",N6,IF($N6<>$O6,N6,P6))) -> 1 | U6: =IF(OR(ISBLANK($N6),ISBLANK($O6)),"",IF(LEFT($B6,4)="Tour",O6,IF($N6<>$O6,O6,Q6))) -> 1 | V6: Exact | W6: {=IF(LEFT($B6,4)="Tour",0,IF(AND($N6=$O6,$P6=$Q6,NOT(ISBLANK(N6:Q6))),1,0))} -> 0 | X6: =IF( LEFT(B6,4)="Tour", N6&"-"&O6, IF(AND(A6>=73,A6<=104), IF(N6<>O6, N6&"-"&O6, IF(P6<>Q6, P6&"-"&Q6, IF(AND(NOT(ISBLANK(N6)),NOT(ISBLANK(O6)),NOT(ISBLANK(P6)),NOT(ISBLANK(Q6)),NOT(ISBLANK(R6)),NOT(ISBLANK(S6))), P6 &"-"&Q6&" (tab "&R6&"-"&S6&")", "" ) ) ) ) ) -> 1-1 | Y6: =IF(X6="-","",IF(T6>U6,H6,IF(T6<U6,I6,"Nul"))) -> Nul | Z6: =IF(M6="Terminé",IF(T6>U6,J6,IF(T6<U6,L6,K6))+VLOOKUP(V6,Setup_ScoreExactBonus!$A:$D,4,FALSE),"") -> 161 | AA6: =IFERROR( IF(M6="Terminé", IF(AND(NOT(ISBLANK(N6)), NOT(ISBLANK(O6))), IF(LEFT(B6,4)="Tour", Y6, IF(Y6<>"Nul", Y6, IF(R6>S6, H6, I6 ))))), "") -> Nul | AB6: =IF(M6="Terminé",IF(Z6=MAX($Z$2:$Z$105),2,1),"") -> 1 | AD6: =IF(M6="Terminé",SUMPRODUCT(Z$2:Z6,AB$2:AB6),"") -> 607
A7: =ROW(B7)-1 -> 6 | B7: Tour 1 | C7: C | D7: C | E7: 46187 | F7: 0 | G7: =E7+F7 -> 46187 | H7: Brésil | I7: Maroc | J7: 55 | K7: 122 | L7: 140 | M7: Terminé | N7: 1 | O7: 1 | T7: =IF(OR(ISBLANK($N7),ISBLANK($O7)),"",IF(LEFT($B7,4)="Tour",N7,IF($N7<>$O7,N7,P7))) -> 1 | U7: =IF(OR(ISBLANK($N7),ISBLANK($O7)),"",IF(LEFT($B7,4)="Tour",O7,IF($N7<>$O7,O7,Q7))) -> 1 | V7: Exact | W7: {=IF(LEFT($B7,4)="Tour",0,IF(AND($N7=$O7,$P7=$Q7,NOT(ISBLANK(N7:Q7))),1,0))} -> 0 | X7: =IF( LEFT(B7,4)="Tour", N7&"-"&O7, IF(AND(A7>=73,A7<=104), IF(N7<>O7, N7&"-"&O7, IF(P7<>Q7, P7&"-"&Q7, IF(AND(NOT(ISBLANK(N7)),NOT(ISBLANK(O7)),NOT(ISBLANK(P7)),NOT(ISBLANK(Q7)),NOT(ISBLANK(R7)),NOT(ISBLANK(S7))), P7 &"-"&Q7&" (tab "&R7&"-"&S7&")", "" ) ) ) ) ) -> 1-1 | Y7: =IF(X7="-","",IF(T7>U7,H7,IF(T7<U7,I7,"Nul"))) -> Nul | Z7: =IF(M7="Terminé",IF(T7>U7,J7,IF(T7<U7,L7,K7))+VLOOKUP(V7,Setup_ScoreExactBonus!$A:$D,4,FALSE),"") -> 142 | AA7: =IFERROR( IF(M7="Terminé", IF(AND(NOT(ISBLANK(N7)), NOT(ISBLANK(O7))), IF(LEFT(B7,4)="Tour", Y7, IF(Y7<>"Nul", Y7, IF(R7>S7, H7, I7 ))))), "") -> Nul | AB7: =IF(M7="Terminé",IF(Z7=MAX($Z$2:$Z$105),2,1),"") -> 1 | AD7: =IF(M7="Terminé",SUMPRODUCT(Z$2:Z7,AB$2:AB7),"") -> 749
A8: =ROW(B8)-1 -> 7 | B8: Tour 1 | C8: C | D8: C | E8: 46187 | F8: 0.125 | G8: =E8+F8 -> 46187.125 | H8: Haïti | I8: Ecosse | J8: 154 | K8: 131 | L8: 44 | M8: Terminé | N8: 0 | O8: 1 | T8: =IF(OR(ISBLANK($N8),ISBLANK($O8)),"",IF(LEFT($B8,4)="Tour",N8,IF($N8<>$O8,N8,P8))) -> 0 | U8: =IF(OR(ISBLANK($N8),ISBLANK($O8)),"",IF(LEFT($B8,4)="Tour",O8,IF($N8<>$O8,O8,Q8))) -> 1 | V8: Très rare | W8: {=IF(LEFT($B8,4)="Tour",0,IF(AND($N8=$O8,$P8=$Q8,NOT(ISBLANK(N8:Q8))),1,0))} -> 0 | X8: =IF( LEFT(B8,4)="Tour", N8&"-"&O8, IF(AND(A8>=73,A8<=104), IF(N8<>O8, N8&"-"&O8, IF(P8<>Q8, P8&"-"&Q8, IF(AND(NOT(ISBLANK(N8)),NOT(ISBLANK(O8)),NOT(ISBLANK(P8)),NOT(ISBLANK(Q8)),NOT(ISBLANK(R8)),NOT(ISBLANK(S8))), P8 &"-"&Q8&" (tab "&R8&"-"&S8&")", "" ) ) ) ) ) -> 0-1 | Y8: =IF(X8="-","",IF(T8>U8,H8,IF(T8<U8,I8,"Nul"))) -> Ecosse | Z8: =IF(M8="Terminé",IF(T8>U8,J8,IF(T8<U8,L8,K8))+VLOOKUP(V8,Setup_ScoreExactBonus!$A:$D,4,FALSE),"") -> 94 | AA8: =IFERROR( IF(M8="Terminé", IF(AND(NOT(ISBLANK(N8)), NOT(ISBLANK(O8))), IF(LEFT(B8,4)="Tour", Y8, IF(Y8<>"Nul", Y8, IF(R8>S8, H8, I8 ))))), "") -> Ecosse | AB8: =IF(M8="Terminé",IF(Z8=MAX($Z$2:$Z$105),2,1),"") -> 1 | AD8: =IF(M8="Terminé",SUMPRODUCT(Z$2:Z8,AB$2:AB8),"") -> 843
A9: =ROW(B9)-1 -> 8 | B9: Tour 1 | C9: D | D9: D | E9: 46187 | F9: 0.25 | G9: =E9+F9 -> 46187.25 | H9: Australie | I9: Turquie | J9: 126 | K9: 115 | L9: 66 | M9: Terminé | N9: 2 | O9: 0 | T9: =IF(OR(ISBLANK($N9),ISBLANK($O9)),"",IF(LEFT($B9,4)="Tour",N9,IF($N9<>$O9,N9,P9))) -> 2 | U9: =IF(OR(ISBLANK($N9),ISBLANK($O9)),"",IF(LEFT($B9,4)="Tour",O9,IF($N9<>$O9,O9,Q9))) -> 0 | V9: Très rare | W9: {=IF(LEFT($B9,4)="Tour",0,IF(AND($N9=$O9,$P9=$Q9,NOT(ISBLANK(N9:Q9))),1,0))} -> 0 | X9: =IF( LEFT(B9,4)="Tour", N9&"-"&O9, IF(AND(A9>=73,A9<=104), IF(N9<>O9, N9&"-"&O9, IF(P9<>Q9, P9&"-"&Q9, IF(AND(NOT(ISBLANK(N9)),NOT(ISBLANK(O9)),NOT(ISBLANK(P9)),NOT(ISBLANK(Q9)),NOT(ISBLANK(R9)),NOT(ISBLANK(S9))), P9 &"-"&Q9&" (tab "&R9&"-"&S9&")", "" ) ) ) ) ) -> 2-0 | Y9: =IF(X9="-","",IF(T9>U9,H9,IF(T9<U9,I9,"Nul"))) -> Australie | Z9: =IF(M9="Terminé",IF(T9>U9,J9,IF(T9<U9,L9,K9))+VLOOKUP(V9,Setup_ScoreExactBonus!$A:$D,4,FALSE),"") -> 176 | AA9: =IFERROR( IF(M9="Terminé", IF(AND(NOT(ISBLANK(N9)), NOT(ISBLANK(O9))), IF(LEFT(B9,4)="Tour", Y9, IF(Y9<>"Nul", Y9, IF(R9>S9, H9, I9 ))))), "") -> Australie | AB9: =IF(M9="Terminé",IF(Z9=MAX($Z$2:$Z$105),2,1),"") -> 1 | AD9: =IF(M9="Terminé",SUMPRODUCT(Z$2:Z9,AB$2:AB9),"") -> 1019
A10: =ROW(B10)-1 -> 9 | B10: Tour 1 | C10: E | D10: E | E10: 46187 | F10: 0.79166667 | G10: =E10+F10 -> 46187.792 | H10: Allemagne | I10: Curaçao | J10: 15 | K10: 179 | L10: 222 | M10: Terminé | N10: 7 | O10: 1 | T10: =IF(OR(ISBLANK($N10),ISBLANK($O10)),"",IF(LEFT($B10,4)="Tour",N10,IF($N10<>$O10,N10,P10))) -> 7 | U10: =IF(OR(ISBLANK($N10),ISBLANK($O10)),"",IF(LEFT($B10,4)="Tour",O10,IF($N10<>$O10,O10,Q10))) -> 1 | V10: Ultra rare | W10: {=IF(LEFT($B10,4)="Tour",0,IF(AND($N10=$O10,$P10=$Q10,NOT(ISBLANK(N10:Q10))),1,0))} -> 0 | X10: =IF( LEFT(B10,4)="Tour", N10&"-"&O10, IF(AND(A10>=73,A10<=104), IF(N10<>O10, N10&"-"&O10, IF(P10<>Q10, P10&"-"&Q10, IF(AND(NOT(ISBLANK(N10)),NOT(ISBLANK(O10)),NOT(ISBLANK(P10)),NOT(ISBLANK(Q10)),NOT(ISBLANK(R10)),NOT(ISBLANK(S10))), P10 &"-"&Q10&" (tab "&R10&"-"&S10&")", "" ) ) ) ) ) -> 7-1 | Y10: =IF(X10="-","",IF(T10>U10,H10,IF(T10<U10,I10,"Nul"))) -> Allemagne | Z10: =IF(M10="Terminé",IF(T10>U10,J10,IF(T10<U10,L10,K10))+VLOOKUP(V10,Setup_ScoreExactBonus!$A:$D,4,FALSE),"") -> 115 | AA10: =IFERROR( IF(M10="Terminé", IF(AND(NOT(ISBLANK(N10)), NOT(ISBLANK(O10))), IF(LEFT(B10,4)="Tour", Y10, IF(Y10<>"Nul", Y10, IF(R10>S10, H10, I10 ))))), "") -> Allemagne | AB10: =IF(M10="Terminé",IF(Z10=MAX($Z$2:$Z$105),2,1),"") -> 1 | AD10: =IF(M10="Terminé",SUMPRODUCT(Z$2:Z10,AB$2:AB10),"") -> 1134
A11: =ROW(B11)-1 -> 10 | B11: Tour 1 | C11: F | D11: F | E11: 46187 | F11: 0.91666667 | G11: =E11+F11 -> 46187.917 | H11: Pays-Bas | I11: Japon | J11: 74 | K11: 115 | L11: 113 | M11: Terminé | N11: 2 | O11: 2 | T11: =IF(OR(ISBLANK($N11),ISBLANK($O11)),"",IF(LEFT($B11,4)="Tour",N11,IF($N11<>$O11,N11,P11))) -> 2 | U11: =IF(OR(ISBLANK($N11),ISBLANK($O11)),"",IF(LEFT($B11,4)="Tour",O11,IF($N11<>$O11,O11,Q11))) -> 2 | V11: Exact | W11: {=IF(LEFT($B11,4)="Tour",0,IF(AND($N11=$O11,$P11=$Q11,NOT(ISBLANK(N11:Q11))),1,0))} -> 0 | X11: =IF( LEFT(B11,4)="Tour", N11&"-"&O11, IF(AND(A11>=73,A11<=104), IF(N11<>O11, N11&"-"&O11, IF(P11<>Q11, P11&"-"&Q11, IF(AND(NOT(ISBLANK(N11)),NOT(ISBLANK(O11)),NOT(ISBLANK(P11)),NOT(ISBLANK(Q11)),NOT(ISBLANK(R11)),NOT(ISBLANK(S11))), P11 &"-"&Q11&" (tab "&R11&"-"&S11&")", "" ) ) ) ) ) -> 2-2 | Y11: =IF(X11="-","",IF(T11>U11,H11,IF(T11<U11,I11,"Nul"))) -> Nul | Z11: =IF(M11="Terminé",IF(T11>U11,J11,IF(T11<U11,L11,K11))+VLOOKUP(V11,Setup_ScoreExactBonus!$A:$D,4,FALSE),"") -> 135 | AA11: =IFERROR( IF(M11="Terminé", IF(AND(NOT(ISBLANK(N11)), NOT(ISBLANK(O11))), IF(LEFT(B11,4)="Tour", Y11, IF(Y11<>"Nul", Y11, IF(R11>S11, H11, I11 ))))), "") -> Nul | AB11: =IF(M11="Terminé",IF(Z11=MAX($Z$2:$Z$105),2,1),"") -> 1 | AD11: =IF(M11="Terminé",SUMPRODUCT(Z$2:Z11,AB$2:AB11),"") -> 1269
A12: =ROW(B12)-1 -> 11 | B12: Tour 1 | C12: E | D12: E | E12: 46188 | F12: 0.041666667 | G12: =E12+F12 -> 46188.042 | H12: Côte d'Ivoire | I12: Equateur | J12: 108 | K12: 101 | L12: 85 | M12: Terminé | N12: 1 | O12: 0 | T12: =IF(OR(ISBLANK($N12),ISBLANK($O12)),"",IF(LEFT($B12,4)="Tour",N12,IF($N12<>$O12,N12,P12))) -> 1 | U12: =IF(OR(ISBLANK($N12),ISBLANK($O12)),"",IF(LEFT($B12,4)="Tour",O12,IF($N12<>$O12,O12,Q12))) -> 0 | V12: Rare | W12: {=IF(LEFT($B12,4)="Tour",0,IF(AND($N12=$O12,$P12=$Q12,NOT(ISBLANK(N12:Q12))),1,0))} -> 0 | X12: =IF( LEFT(B12,4)="Tour", N12&"-"&O12, IF(AND(A12>=73,A12<=104), IF(N12<>O12, N12&"-"&O12, IF(P12<>Q12, P12&"-"&Q12, IF(AND(NOT(ISBLANK(N12)),NOT(ISBLANK(O12)),NOT(ISBLANK(P12)),NOT(ISBLANK(Q12)),NOT(ISBLANK(R12)),NOT(ISBLANK(S12))), P12 &"-"&Q12&" (tab "&R12&"-"&S12&")", "" ) ) ) ) ) -> 1-0 | Y12: =IF(X12="-","",IF(T12>U12,H12,IF(T12<U12,I12,"Nul"))) -> Côte d'Ivoire | Z12: =IF(M12="Terminé",IF(T12>U12,J12,IF(T12<U12,L12,K12))+VLOOKUP(V12,Setup_ScoreExactBonus!$A:$D,4,FALSE),"") -> 138 | AA12: =IFERROR( IF(M12="Terminé", IF(AND(NOT(ISBLANK(N12)), NOT(ISBLANK(O12))), IF(LEFT(B12,4)="Tour", Y12, IF(Y12<>"Nul", Y12, IF(R12>S12, H12, I12 ))))), "") -> Côte d'Ivoire | AB12: =IF(M12="Terminé",IF(Z12=MAX($Z$2:$Z$105),2,1),"") -> 1 | AD12: =IF(M12="Terminé",SUMPRODUCT(Z$2:Z12,AB$2:AB12),"") -> 1407
A13: =ROW(B13)-1 -> 12 | B13: Tour 1 | C13: F | D13: F | E13: 46188 | F13: 0.16666667 | G13: =E13+F13 -> 46188.167 | H13: Suède | I13: Tunisie | J13: 72 | K13: 110 | L13: 122 | M13: Terminé | N13: 5 | O13: 1 | T13: =IF(OR(ISBLANK($N13),ISBLANK($O13)),"",IF(LEFT($B13,4)="Tour",N13,IF($N13<>$O13,N13,P13))) -> 5 | U13: =IF(OR(ISBLANK($N13),ISBLANK($O13)),"",IF(LEFT($B13,4)="Tour",O13,IF($N13<>$O13,O13,Q13))) -> 1 | V13: Très rare | W13: {=IF(LEFT($B13,4)="Tour",0,IF(AND($N13=$O13,$P13=$Q13,NOT(ISBLANK(N13:Q13))),1,0))} -> 0 | X13: =IF( LEFT(B13,4)="Tour", N13&"-"&O13, IF(AND(A13>=73,A13<=104), IF(N13<>O13, N13&"-"&O13, IF(P13<>Q13, P13&"-"&Q13, IF(AND(NOT(ISBLANK(N13)),NOT(ISBLANK(O13)),NOT(ISBLANK(P13)),NOT(ISBLANK(Q13)),NOT(ISBLANK(R13)),NOT(ISBLANK(S13))), P13 &"-"&Q13&" (tab "&R13&"-"&S13&")", "" ) ) ) ) ) -> 5-1 | Y13: =IF(X13="-","",IF(T13>U13,H13,IF(T13<U13,I13,"Nul"))) -> Suède | Z13: =IF(M13="Terminé",IF(T13>U13,J13,IF(T13<U13,L13,K13))+VLOOKUP(V13,Setup_ScoreExactBonus!$A:$D,4,FALSE),"") -> 122 | AA13: =IFERROR( IF(M13="Terminé", IF(AND(NOT(ISBLANK(N13)), NOT(ISBLANK(O13))), IF(LEFT(B13,4)="Tour", Y13, IF(Y13<>"Nul", Y13, IF(R13>S13, H13, I13 ))))), "") -> Suède | AB13: =IF(M13="Terminé",IF(Z13=MAX($Z$2:$Z$105),2,1),"") -> 1 | AD13: =IF(M13="Terminé",SUMPRODUCT(Z$2:Z13,AB$2:AB13),"") -> 1529
... A75: =ROW(B75)-1 -> 74 | B75: 1/16 Finale | C75: C | D75: F | E75: 46202 | F75: 0.79166667 | G75: =E75+F75 -> 46202.792 | H75: Brésil | I75: Japon | J75: 65 | K75: 121 | L75: 141 | M75: Terminé | N75: 2 | O75: 1 | T75: =IF(OR(ISBLANK($N75),ISBLANK($O75)),"",IF(LEFT($B75,4)="Tour",N75,IF($N75<>$O75,N75,P75))) -> 2 | U75: =IF(OR(ISBLANK($N75),ISBLANK($O75)),"",IF(LEFT($B75,4)="Tour",O75,IF($N75<>$O75,O75,Q75))) -> 1 | V75: Exact | W75: {=IF(LEFT($B75,4)="Tour",0,IF(AND($N75=$O75,$P75=$Q75,NOT(ISBLANK(N75:Q75))),1,0))} -> 0 | X75: =IF( LEFT(B75,4)="Tour", N75&"-"&O75, IF(AND(A75>=73,A75<=104), IF(N75<>O75, N75&"-"&O75, IF(P75<>Q75, P75&"-"&Q75, IF(AND(NOT(ISBLANK(N75)),NOT(ISBLANK(O75)),NOT(ISBLANK(P75)),NOT(ISBLANK(Q75)),NOT(ISBLANK(R75)),NOT(ISBLANK(S75))), P75 &"-"&Q75&" (tab "&R75&"-"&S75&")", "" ) ) ) ) ) -> 2-1 | Y75: =IF(X75="-","",IF(T75>U75,H75,IF(T75<U75,I75,"Nul"))) -> Brésil | Z75: =IF(M75="Terminé",IF(T75>U75,J75,IF(T75<U75,L75,K75))+VLOOKUP(V75,Setup_ScoreExactBonus!$A:$D,4,FALSE),"") -> 85 | AA75: =IFERROR( IF(M75="Terminé", IF(AND(NOT(ISBLANK(N75)), NOT(ISBLANK(O75))), IF(LEFT(B75,4)="Tour", Y75, IF(Y75<>"Nul", Y75, IF(R75>S75, H75, I75 ))))), "") -> Brésil | AB75: =IF(M75="Terminé",IF(Z75=MAX($Z$2:$Z$105),2,1),"") -> 1 | AD75: =IF(M75="Terminé",SUMPRODUCT(Z$2:Z75,AB$2:AB75),"") -> 9048
A76: =ROW(B76)-1 -> 75 | B76: 1/16 Finale | C76: E | D76: ABCDF | E76: 46202 | F76: 0.9375 | G76: =E76+F76 -> 46202.938 | H76: Allemagne | I76: Paraguay | J76: 45 | K76: 140 | L76: 169 | M76: Terminé | N76: 1 | O76: 1 | P76: 1 | Q76: 1 | R76: 3 | S76: 4 | T76: =IF(OR(ISBLANK($N76),ISBLANK($O76)),"",IF(LEFT($B76,4)="Tour",N76,IF($N76<>$O76,N76,P76))) -> 1 | U76: =IF(OR(ISBLANK($N76),ISBLANK($O76)),"",IF(LEFT($B76,4)="Tour",O76,IF($N76<>$O76,O76,Q76))) -> 1 | V76: Exact | W76: {=IF(LEFT($B76,4)="Tour",0,IF(AND($N76=$O76,$P76=$Q76,NOT(ISBLANK(N76:Q76))),1,0))} -> 1 | X76: =IF( LEFT(B76,4)="Tour", N76&"-"&O76, IF(AND(A76>=73,A76<=104), IF(N76<>O76, N76&"-"&O76, IF(P76<>Q76, P76&"-"&Q76, IF(AND(NOT(ISBLANK(N76)),NOT(ISBLANK(O76)),NOT(ISBLANK(P76)),NOT(ISBLANK(Q76)),NOT(ISBLANK(R76)),NOT(ISBLANK(S76))), P76 &"-"&Q76&" (tab "&R76&"-"&S76&")", "" ) ) ) ) ) -> 1-1 (tab 3-4) | Y76: =IF(X76="-","",IF(T76>U76,H76,IF(T76<U76,I76,"Nul"))) -> Nul | Z76: =IF(M76="Terminé",IF(T76>U76,J76,IF(T76<U76,L76,K76))+VLOOKUP(V76,Setup_ScoreExactBonus!$A:$D,4,FALSE),"") -> 160 | AA76: =IFERROR( IF(M76="Terminé", IF(AND(NOT(ISBLANK(N76)), NOT(ISBLANK(O76))), IF(LEFT(B76,4)="Tour", Y76, IF(Y76<>"Nul", Y76, IF(R76>S76, H76, I76 ))))), "") -> Paraguay | AB76: =IF(M76="Terminé",IF(Z76=MAX($Z$2:$Z$105),2,1),"") -> 1 | AD76: =IF(M76="Terminé",SUMPRODUCT(Z$2:Z76,AB$2:AB76),"") -> 9208
A77: =ROW(B77)-1 -> 76 | B77: 1/16 Finale | C77: F | D77: C | E77: 46203 | F77: 0.125 | G77: =E77+F77 -> 46203.125 | H77: Pays-Bas | I77: Maroc | J77: 80 | K77: 114 | L77: 122 | M77: Terminé | N77: 1 | O77: 1 | P77: 1 | Q77: 1 | R77: 2 | S77: 3 | T77: =IF(OR(ISBLANK($N77),ISBLANK($O77)),"",IF(LEFT($B77,4)="Tour",N77,IF($N77<>$O77,N77,P77))) -> 1 | U77: =IF(OR(ISBLANK($N77),ISBLANK($O77)),"",IF(LEFT($B77,4)="Tour",O77,IF($N77<>$O77,O77,Q77))) -> 1 | V77: Exact | W77: {=IF(LEFT($B77,4)="Tour",0,IF(AND($N77=$O77,$P77=$Q77,NOT(ISBLANK(N77:Q77))),1,0))} -> 1 | X77: =IF( LEFT(B77,4)="Tour", N77&"-"&O77, IF(AND(A77>=73,A77<=104), IF(N77<>O77, N77&"-"&O77, IF(P77<>Q77, P77&"-"&Q77, IF(AND(NOT(ISBLANK(N77)),NOT(ISBLANK(O77)),NOT(ISBLANK(P77)),NOT(ISBLANK(Q77)),NOT(ISBLANK(R77)),NOT(ISBLANK(S77))), P77 &"-"&Q77&" (tab "&R77&"-"&S77&")", "" ) ) ) ) ) -> 1-1 (tab 2-3) | Y77: =IF(X77="-","",IF(T77>U77,H77,IF(T77<U77,I77,"Nul"))) -> Nul | Z77: =IF(M77="Terminé",IF(T77>U77,J77,IF(T77<U77,L77,K77))+VLOOKUP(V77,Setup_ScoreExactBonus!$A:$D,4,FALSE),"") -> 134 | AA77: =IFERROR( IF(M77="Terminé", IF(AND(NOT(ISBLANK(N77)), NOT(ISBLANK(O77))), IF(LEFT(B77,4)="Tour", Y77, IF(Y77<>"Nul", Y77, IF(R77>S77, H77, I77 ))))), "") -> Maroc | AB77: =IF(M77="Terminé",IF(Z77=MAX($Z$2:$Z$105),2,1),"") -> 1 | AD77: =IF(M77="Terminé",SUMPRODUCT(Z$2:Z77,AB$2:AB77),"") -> 9342
A78: =ROW(B78)-1 -> 77 | B78: 1/16 Finale | C78: E | D78: I | E78: 46203 | F78: 0.79166667 | G78: =E78+F78 -> 46203.792 | H78: Côte d'Ivoire | I78: Norvège | J78: 123 | K78: 119 | L78: 75 | M78: Terminé | N78: 1 | O78: 2 | T78: =IF(OR(ISBLANK($N78),ISBLANK($O78)),"",IF(LEFT($B78,4)="Tour",N78,IF($N78<>$O78,N78,P78))) -> 1 | U78: =IF(OR(ISBLANK($N78),ISBLANK($O78)),"",IF(LEFT($B78,4)="Tour",O78,IF($N78<>$O78,O78,Q78))) -> 2 | V78: Exact | W78: {=IF(LEFT($B78,4)="Tour",0,IF(AND($N78=$O78,$P78=$Q78,NOT(ISBLANK(N78:Q78))),1,0))} -> 0 | X78: =IF( LEFT(B78,4)="Tour", N78&"-"&O78, IF(AND(A78>=73,A78<=104), IF(N78<>O78, N78&"-"&O78, IF(P78<>Q78, P78&"-"&Q78, IF(AND(NOT(ISBLANK(N78)),NOT(ISBLANK(O78)),NOT(ISBLANK(P78)),NOT(ISBLANK(Q78)),NOT(ISBLANK(R78)),NOT(ISBLANK(S78))), P78 &"-"&Q78&" (tab "&R78&"-"&S78&")", "" ) ) ) ) ) -> 1-2 | Y78: =IF(X78="-","",IF(T78>U78,H78,IF(T78<U78,I78,"Nul"))) -> Norvège | Z78: =IF(M78="Terminé",IF(T78>U78,J78,IF(T78<U78,L78,K78))+VLOOKUP(V78,Setup_ScoreExactBonus!$A:$D,4,FALSE),"") -> 95 | AA78: =IFERROR( IF(M78="Terminé", IF(AND(NOT(ISBLANK(N78)), NOT(ISBLANK(O78))), IF(LEFT(B78,4)="Tour", Y78, IF(Y78<>"Nul", Y78, IF(R78>S78, H78, I78 ))))), "") -> Norvège | AB78: =IF(M78="Terminé",IF(Z78=MAX($Z$2:$Z$105),2,1),"") -> 1 | AD78: =IF(M78="Terminé",SUMPRODUCT(Z$2:Z78,AB$2:AB78),"") -> 9437
A79: =ROW(B79)-1 -> 78 | B79: 1/16 Finale | C79: I | D79: CDFGH | E79: 46203 | F79: 0.95833333 | G79: =E79+F79 -> 46203.958 | H79: France | I79: Suède | J79: 38 | K79: 148 | L79: 182 | M79: Terminé | N79: 3 | O79: 0 | T79: =IF(OR(ISBLANK($N79),ISBLANK($O79)),"",IF(LEFT($B79,4)="Tour",N79,IF($N79<>$O79,N79,P79))) -> 3 | U79: =IF(OR(ISBLANK($N79),ISBLANK($O79)),"",IF(LEFT($B79,4)="Tour",O79,IF($N79<>$O79,O79,Q79))) -> 0 | V79: Rare | W79: {=IF(LEFT($B79,4)="Tour",0,IF(AND($N79=$O79,$P79=$Q79,NOT(ISBLANK(N79:Q79))),1,0))} -> 0 | X79: =IF( LEFT(B79,4)="Tour", N79&"-"&O79, IF(AND(A79>=73,A79<=104), IF(N79<>O79, N79&"-"&O79, IF(P79<>Q79, P79&"-"&Q79, IF(AND(NOT(ISBLANK(N79)),NOT(ISBLANK(O79)),NOT(ISBLANK(P79)),NOT(ISBLANK(Q79)),NOT(ISBLANK(R79)),NOT(ISBLANK(S79))), P79 &"-"&Q79&" (tab "&R79&"-"&S79&")", "" ) ) ) ) ) -> 3-0 | Y79: =IF(X79="-","",IF(T79>U79,H79,IF(T79<U79,I79,"Nul"))) -> France | Z79: =IF(M79="Terminé",IF(T79>U79,J79,IF(T79<U79,L79,K79))+VLOOKUP(V79,Setup_ScoreExactBonus!$A:$D,4,FALSE),"") -> 68 | AA79: =IFERROR( IF(M79="Terminé", IF(AND(NOT(ISBLANK(N79)), NOT(ISBLANK(O79))), IF(LEFT(B79,4)="Tour", Y79, IF(Y79<>"Nul", Y79, IF(R79>S79, H79, I79 ))))), "") -> France | AB79: =IF(M79="Terminé",IF(Z79=MAX($Z$2:$Z$105),2,1),"") -> 1 | AD79: =IF(M79="Terminé",SUMPRODUCT(Z$2:Z79,AB$2:AB79),"") -> 9505
A80: =ROW(B80)-1 -> 79 | B80: 1/16 Finale | C80: A | D80: CEFHI | E80: 46204 | F80: 0.125 | G80: =E80+F80 -> 46204.125 | H80: Mexique | I80: Equateur | J80: 84 | K80: 108 | L80: 122 | M80: Terminé | N80: 2 | O80: 0 | T80: =IF(OR(ISBLANK($N80),ISBLANK($O80)),"",IF(LEFT($B80,4)="Tour",N80,IF($N80<>$O80,N80,P80))) -> 2 | U80: =IF(OR(ISBLANK($N80),ISBLANK($O80)),"",IF(LEFT($B80,4)="Tour",O80,IF($N80<>$O80,O80,Q80))) -> 0 | V80: Rare | W80: {=IF(LEFT($B80,4)="Tour",0,IF(AND($N80=$O80,$P80=$Q80,NOT(ISBLANK(N80:Q80))),1,0))} -> 0 | X80: =IF( LEFT(B80,4)="Tour", N80&"-"&O80, IF(AND(A80>=73,A80<=104), IF(N80<>O80, N80&"-"&O80, IF(P80<>Q80, P80&"-"&Q80, IF(AND(NOT(ISBLANK(N80)),NOT(ISBLANK(O80)),NOT(ISBLANK(P80)),NOT(ISBLANK(Q80)),NOT(ISBLANK(R80)),NOT(ISBLANK(S80))), P80 &"-"&Q80&" (tab "&R80&"-"&S80&")", "" ) ) ) ) ) -> 2-0 | Y80: =IF(X80="-","",IF(T80>U80,H80,IF(T80<U80,I80,"Nul"))) -> Mexique | Z80: =IF(M80="Terminé",IF(T80>U80,J80,IF(T80<U80,L80,K80))+VLOOKUP(V80,Setup_ScoreExactBonus!$A:$D,4,FALSE),"") -> 114 | AA80: =IFERROR( IF(M80="Terminé", IF(AND(NOT(ISBLANK(N80)), NOT(ISBLANK(O80))), IF(LEFT(B80,4)="Tour", Y80, IF(Y80<>"Nul", Y80, IF(R80>S80, H80, I80 ))))), "") -> Mexique | AB80: =IF(M80="Terminé",IF(Z80=MAX($Z$2:$Z$105),2,1),"") -> 1 | AD80: =IF(M80="Terminé",SUMPRODUCT(Z$2:Z80,AB$2:AB80),"") -> 9619
A81: =ROW(B81)-1 -> 80 | B81: 1/16 Finale | C81: L | D81: EHIJK | E81: 46204 | F81: 0.75 | G81: =E81+F81 -> 46204.75 | H81: Angleterre | I81: RD Congo | J81: 39 | K81: 144 | L81: 181 | M81: Terminé | N81: 2 | O81: 1 | T81: =IF(OR(ISBLANK($N81),ISBLANK($O81)),"",IF(LEFT($B81,4)="Tour",N81,IF($N81<>$O81,N81,P81))) -> 2 | U81: =IF(OR(ISBLANK($N81),ISBLANK($O81)),"",IF(LEFT($B81,4)="Tour",O81,IF($N81<>$O81,O81,Q81))) -> 1 | V81: Très rare | W81: {=IF(LEFT($B81,4)="Tour",0,IF(AND($N81=$O81,$P81=$Q81,NOT(ISBLANK(N81:Q81))),1,0))} -> 0 | X81: =IF( LEFT(B81,4)="Tour", N81&"-"&O81, IF(AND(A81>=73,A81<=104), IF(N81<>O81, N81&"-"&O81, IF(P81<>Q81, P81&"-"&Q81, IF(AND(NOT(ISBLANK(N81)),NOT(ISBLANK(O81)),NOT(ISBLANK(P81)),NOT(ISBLANK(Q81)),NOT(ISBLANK(R81)),NOT(ISBLANK(S81))), P81 &"-"&Q81&" (tab "&R81&"-"&S81&")", "" ) ) ) ) ) -> 2-1 | Y81: =IF(X81="-","",IF(T81>U81,H81,IF(T81<U81,I81,"Nul"))) -> Angleterre | Z81: =IF(M81="Terminé",IF(T81>U81,J81,IF(T81<U81,L81,K81))+VLOOKUP(V81,Setup_ScoreExactBonus!$A:$D,4,FALSE),"") -> 89 | AA81: =IFERROR( IF(M81="Terminé", IF(AND(NOT(ISBLANK(N81)), NOT(ISBLANK(O81))), IF(LEFT(B81,4)="Tour", Y81, IF(Y81<>"Nul", Y81, IF(R81>S81, H81, I81 ))))), "") -> Angleterre | AB81: =IF(M81="Terminé",IF(Z81=MAX($Z$2:$Z$105),2,1),"") -> 1 | AD81: =IF(M81="Terminé",SUMPRODUCT(Z$2:Z81,AB$2:AB81),"") -> 9708
A82: =ROW(B82)-1 -> 81 | B82: 1/16 Finale | C82: G | D82: AEHIJ | E82: 46204 | F82: 0.91666667 | G82: =E82+F82 -> 46204.917 | H82: Belgique | I82: Sénégal | J82: 80 | K82: 112 | L82: 123 | M82: Terminé | N82: 0 | O82: 1 | T82: =IF(OR(ISBLANK($N82),ISBLANK($O82)),"",IF(LEFT($B82,4)="Tour",N82,IF($N82<>$O82,N82,P82))) -> 0 | U82: =IF(OR(ISBLANK($N82),ISBLANK($O82)),"",IF(LEFT($B82,4)="Tour",O82,IF($N82<>$O82,O82,Q82))) -> 1 | V82: Très rare | W82: {=IF(LEFT($B82,4)="Tour",0,IF(AND($N82=$O82,$P82=$Q82,NOT(ISBLANK(N82:Q82))),1,0))} -> 0 | X82: =IF( LEFT(B82,4)="Tour", N82&"-"&O82, IF(AND(A82>=73,A82<=104), IF(N82<>O82, N82&"-"&O82, IF(P82<>Q82, P82&"-"&Q82, IF(AND(NOT(ISBLANK(N82)),NOT(ISBLANK(O82)),NOT(ISBLANK(P82)),NOT(ISBLANK(Q82)),NOT(ISBLANK(R82)),NOT(ISBLANK(S82))), P82 &"-"&Q82&" (tab "&R82&"-"&S82&")", "" ) ) ) ) ) -> 0-1 | Y82: =IF(X82="-","",IF(T82>U82,H82,IF(T82<U82,I82,"Nul"))) -> Sénégal | Z82: =IF(M82="Terminé",IF(T82>U82,J82,IF(T82<U82,L82,K82))+VLOOKUP(V82,Setup_ScoreExactBonus!$A:$D,4,FALSE),"") -> 173 | AA82: =IFERROR( IF(M82="Terminé", IF(AND(NOT(ISBLANK(N82)), NOT(ISBLANK(O82))), IF(LEFT(B82,4)="Tour", Y82, IF(Y82<>"Nul", Y82, IF(R82>S82, H82, I82 ))))), "") -> Sénégal | AB82: =IF(M82="Terminé",IF(Z82=MAX($Z$2:$Z$105),2,1),"") -> 1 | AD82: =IF(M82="Terminé",SUMPRODUCT(Z$2:Z82,AB$2:AB82),"") -> 9881
A83: =ROW(B83)-1 -> 82 | B83: 1/16 Finale | C83: D | D83: BEFIJ | E83: 46205 | F83: 0.083333333 | G83: =E83+F83 -> 46205.083 | H83: Etats-Unis | I83: Bosnie-Herzégovine | J83: 52 | K83: 132 | L83: 157 | M83: À venir | T83: =IF(OR(ISBLANK($N83),ISBLANK($O83)),"",IF(LEFT($B83,4)="Tour",N83,IF($N83<>$O83,N83,P83))) | U83: =IF(OR(ISBLANK($N83),ISBLANK($O83)),"",IF(LEFT($B83,4)="Tour",O83,IF($N83<>$O83,O83,Q83))) | V83: Exact | W83: {=IF(LEFT($B83,4)="Tour",0,IF(AND($N83=$O83,$P83=$Q83,NOT(ISBLANK(N83:Q83))),1,0))} -> 0 | X83: =IF( LEFT(B83,4)="Tour", N83&"-"&O83, IF(AND(A83>=73,A83<=104), IF(N83<>O83, N83&"-"&O83, IF(P83<>Q83, P83&"-"&Q83, IF(AND(NOT(ISBLANK(N83)),NOT(ISBLANK(O83)),NOT(ISBLANK(P83)),NOT(ISBLANK(Q83)),NOT(ISBLANK(R83)),NOT(ISBLANK(S83))), P83 &"-"&Q83&" (tab "&R83&"-"&S83&")", "" ) ) ) ) ) | Y83: =IF(X83="-","",IF(T83>U83,H83,IF(T83<U83,I83,"Nul"))) -> Nul | Z83: =IF(M83="Terminé",IF(T83>U83,J83,IF(T83<U83,L83,K83))+VLOOKUP(V83,Setup_ScoreExactBonus!$A:$D,4,FALSE),"") | AA83: =IFERROR( IF(M83="Terminé", IF(AND(NOT(ISBLANK(N83)), NOT(ISBLANK(O83))), IF(LEFT(B83,4)="Tour", Y83, IF(Y83<>"Nul", Y83, IF(R83>S83, H83, I83 ))))), "") -> FALSE | AB83: =IF(M83="Terminé",IF(Z83=MAX($Z$2:$Z$105),2,1),"") | AD83: =IF(M83="Terminé",SUMPRODUCT(Z$2:Z83,AB$2:AB83),"")
A84: =ROW(B84)-1 -> 83 | B84: 1/16 Finale | C84: H | D84: J | E84: 46205 | F84: 0.875 | G84: =E84+F84 -> 46205.875 | H84: Espagne | I84: Autriche | J84: 41 | K84: 140 | L84: 182 | M84: À venir | T84: =IF(OR(ISBLANK($N84),ISBLANK($O84)),"",IF(LEFT($B84,4)="Tour",N84,IF($N84<>$O84,N84,P84))) | U84: =IF(OR(ISBLANK($N84),ISBLANK($O84)),"",IF(LEFT($B84,4)="Tour",O84,IF($N84<>$O84,O84,Q84))) | V84: Exact | W84: {=IF(LEFT($B84,4)="Tour",0,IF(AND($N84=$O84,$P84=$Q84,NOT(ISBLANK(N84:Q84))),1,0))} -> 0 | X84: =IF( LEFT(B84,4)="Tour", N84&"-"&O84, IF(AND(A84>=73,A84<=104), IF(N84<>O84, N84&"-"&O84, IF(P84<>Q84, P84&"-"&Q84, IF(AND(NOT(ISBLANK(N84)),NOT(ISBLANK(O84)),NOT(ISBLANK(P84)),NOT(ISBLANK(Q84)),NOT(ISBLANK(R84)),NOT(ISBLANK(S84))), P84 &"-"&Q84&" (tab "&R84&"-"&S84&")", "" ) ) ) ) ) | Y84: =IF(X84="-","",IF(T84>U84,H84,IF(T84<U84,I84,"Nul"))) -> Nul | Z84: =IF(M84="Terminé",IF(T84>U84,J84,IF(T84<U84,L84,K84))+VLOOKUP(V84,Setup_ScoreExactBonus!$A:$D,4,FALSE),"") | AA84: =IFERROR( IF(M84="Terminé", IF(AND(NOT(ISBLANK(N84)), NOT(ISBLANK(O84))), IF(LEFT(B84,4)="Tour", Y84, IF(Y84<>"Nul", Y84, IF(R84>S84, H84, I84 ))))), "") -> FALSE | AB84: =IF(M84="Terminé",IF(Z84=MAX($Z$2:$Z$105),2,1),"") | AD84: =IF(M84="Terminé",SUMPRODUCT(Z$2:Z84,AB$2:AB84),"")
A85: =ROW(B85)-1 -> 84 | B85: 1/16 Finale | C85: K | D85: L | E85: 46206 | F85: 0.041666667 | G85: =E85+F85 -> 46206.042 | H85: Portugal | I85: Croatie | J85: 73 | K85: 114 | L85: 133 | M85: À venir | T85: =IF(OR(ISBLANK($N85),ISBLANK($O85)),"",IF(LEFT($B85,4)="Tour",N85,IF($N85<>$O85,N85,P85))) | U85: =IF(OR(ISBLANK($N85),ISBLANK($O85)),"",IF(LEFT($B85,4)="Tour",O85,IF($N85<>$O85,O85,Q85))) | V85: Exact | W85: {=IF(LEFT($B85,4)="Tour",0,IF(AND($N85=$O85,$P85=$Q85,NOT(ISBLANK(N85:Q85))),1,0))} -> 0 | X85: =IF( LEFT(B85,4)="Tour", N85&"-"&O85, IF(AND(A85>=73,A85<=104), IF(N85<>O85, N85&"-"&O85, IF(P85<>Q85, P85&"-"&Q85, IF(AND(NOT(ISBLANK(N85)),NOT(ISBLANK(O85)),NOT(ISBLANK(P85)),NOT(ISBLANK(Q85)),NOT(ISBLANK(R85)),NOT(ISBLANK(S85))), P85 &"-"&Q85&" (tab "&R85&"-"&S85&")", "" ) ) ) ) ) | Y85: =IF(X85="-","",IF(T85>U85,H85,IF(T85<U85,I85,"Nul"))) -> Nul | Z85: =IF(M85="Terminé",IF(T85>U85,J85,IF(T85<U85,L85,K85))+VLOOKUP(V85,Setup_ScoreExactBonus!$A:$D,4,FALSE),"") | AA85: =IFERROR( IF(M85="Terminé", IF(AND(NOT(ISBLANK(N85)), NOT(ISBLANK(O85))), IF(LEFT(B85,4)="Tour", Y85, IF(Y85<>"Nul", Y85, IF(R85>S85, H85, I85 ))))), "") -> FALSE | AB85: =IF(M85="Terminé",IF(Z85=MAX($Z$2:$Z$105),2,1),"") | AD85: =IF(M85="Terminé",SUMPRODUCT(Z$2:Z85,AB$2:AB85),"")
A86: =ROW(B86)-1 -> 85 | B86: 1/16 Finale | C86: B | D86: EFGIJ | E86: 46206 | F86: 0.20833333 | G86: =E86+F86 -> 46206.208 | H86: Suisse | I86: Algérie | J86: 61 | K86: 122 | L86: 148 | M86: À venir | T86: =IF(OR(ISBLANK($N86),ISBLANK($O86)),"",IF(LEFT($B86,4)="Tour",N86,IF($N86<>$O86,N86,P86))) | U86: =IF(OR(ISBLANK($N86),ISBLANK($O86)),"",IF(LEFT($B86,4)="Tour",O86,IF($N86<>$O86,O86,Q86))) | V86: Exact | W86: {=IF(LEFT($B86,4)="Tour",0,IF(AND($N86=$O86,$P86=$Q86,NOT(ISBLANK(N86:Q86))),1,0))} -> 0 | X86: =IF( LEFT(B86,4)="Tour", N86&"-"&O86, IF(AND(A86>=73,A86<=104), IF(N86<>O86, N86&"-"&O86, IF(P86<>Q86, P86&"-"&Q86, IF(AND(NOT(ISBLANK(N86)),NOT(ISBLANK(O86)),NOT(ISBLANK(P86)),NOT(ISBLANK(Q86)),NOT(ISBLANK(R86)),NOT(ISBLANK(S86))), P86 &"-"&Q86&" (tab "&R86&"-"&S86&")", "" ) ) ) ) ) | Y86: =IF(X86="-","",IF(T86>U86,H86,IF(T86<U86,I86,"Nul"))) -> Nul | Z86: =IF(M86="Terminé",IF(T86>U86,J86,IF(T86<U86,L86,K86))+VLOOKUP(V86,Setup_ScoreExactBonus!$A:$D,4,FALSE),"") | AA86: =IFERROR( IF(M86="Terminé", IF(AND(NOT(ISBLANK(N86)), NOT(ISBLANK(O86))), IF(LEFT(B86,4)="Tour", Y86, IF(Y86<>"Nul", Y86, IF(R86>S86, H86, I86 ))))), "") -> FALSE | AB86: =IF(M86="Terminé",IF(Z86=MAX($Z$2:$Z$105),2,1),"") | AD86: =IF(M86="Terminé",SUMPRODUCT(Z$2:Z86,AB$2:AB86),"")
A87: =ROW(B87)-1 -> 86 | B87: 1/16 Finale | C87: D | D87: G | E87: 46206 | F87: 0.83333333 | G87: =E87+F87 -> 46206.833 | H87: Australie | I87: Egypte | J87: 113 | K87: 106 | L87: 92 | M87: À venir | T87: =IF(OR(ISBLANK($N87),ISBLANK($O87)),"",IF(LEFT($B87,4)="Tour",N87,IF($N87<>$O87,N87,P87))) | U87: =IF(OR(ISBLANK($N87),ISBLANK($O87)),"",IF(LEFT($B87,4)="Tour",O87,IF($N87<>$O87,O87,Q87))) | V87: Exact | W87: {=IF(LEFT($B87,4)="Tour",0,IF(AND($N87=$O87,$P87=$Q87,NOT(ISBLANK(N87:Q87))),1,0))} -> 0 | X87: =IF( LEFT(B87,4)="Tour", N87&"-"&O87, IF(AND(A87>=73,A87<=104), IF(N87<>O87, N87&"-"&O87, IF(P87<>Q87, P87&"-"&Q87, IF(AND(NOT(ISBLANK(N87)),NOT(ISBLANK(O87)),NOT(ISBLANK(P87)),NOT(ISBLANK(Q87)),NOT(ISBLANK(R87)),NOT(ISBLANK(S87))), P87 &"-"&Q87&" (tab "&R87&"-"&S87&")", "" ) ) ) ) ) | Y87: =IF(X87="-","",IF(T87>U87,H87,IF(T87<U87,I87,"Nul"))) -> Nul | Z87: =IF(M87="Terminé",IF(T87>U87,J87,IF(T87<U87,L87,K87))+VLOOKUP(V87,Setup_ScoreExactBonus!$A:$D,4,FALSE),"") | AA87: =IFERROR( IF(M87="Terminé", IF(AND(NOT(ISBLANK(N87)), NOT(ISBLANK(O87))), IF(LEFT(B87,4)="Tour", Y87, IF(Y87<>"Nul", Y87, IF(R87>S87, H87, I87 ))))), "") -> FALSE | AB87: =IF(M87="Terminé",IF(Z87=MAX($Z$2:$Z$105),2,1),"") | AD87: =IF(M87="Terminé",SUMPRODUCT(Z$2:Z87,AB$2:AB87),"")
A88: =ROW(B88)-1 -> 87 | B88: 1/16 Finale | C88: J | D88: H | E88: 46207 | F88: 0 | G88: =E88+F88 -> 46207 | H88: Argentine | I88: Cap-Vert | J88: 25 | K88: 165 | L88: 213 | M88: À venir | T88: =IF(OR(ISBLANK($N88),ISBLANK($O88)),"",IF(LEFT($B88,4)="Tour",N88,IF($N88<>$O88,N88,P88))) | U88: =IF(OR(ISBLANK($N88),ISBLANK($O88)),"",IF(LEFT($B88,4)="Tour",O88,IF($N88<>$O88,O88,Q88))) | V88: Exact | W88: {=IF(LEFT($B88,4)="Tour",0,IF(AND($N88=$O88,$P88=$Q88,NOT(ISBLANK(N88:Q88))),1,0))} -> 0 | X88: =IF( LEFT(B88,4)="Tour", N88&"-"&O88, IF(AND(A88>=73,A88<=104), IF(N88<>O88, N88&"-"&O88, IF(P88<>Q88, P88&"-"&Q88, IF(AND(NOT(ISBLANK(N88)),NOT(ISBLANK(O88)),NOT(ISBLANK(P88)),NOT(ISBLANK(Q88)),NOT(ISBLANK(R88)),NOT(ISBLANK(S88))), P88 &"-"&Q88&" (tab "&R88&"-"&S88&")", "" ) ) ) ) ) | Y88: =IF(X88="-","",IF(T88>U88,H88,IF(T88<U88,I88,"Nul"))) -> Nul | Z88: =IF(M88="Terminé",IF(T88>U88,J88,IF(T88<U88,L88,K88))+VLOOKUP(V88,Setup_ScoreExactBonus!$A:$D,4,FALSE),"") | AA88: =IFERROR( IF(M88="Terminé", IF(AND(NOT(ISBLANK(N88)), NOT(ISBLANK(O88))), IF(LEFT(B88,4)="Tour", Y88, IF(Y88<>"Nul", Y88, IF(R88>S88, H88, I88 ))))), "") -> FALSE | AB88: =IF(M88="Terminé",IF(Z88=MAX($Z$2:$Z$105),2,1),"") | AD88: =IF(M88="Terminé",SUMPRODUCT(Z$2:Z88,AB$2:AB88),"")
A89: =ROW(B89)-1 -> 88 | B89: 1/16 Finale | C89: K | D89: DEIJL | E89: 46207 | F89: 0.14583333 | G89: =E89+F89 -> 46207.146 | H89: Colombie | I89: Ghana | J89: 66 | K89: 114 | L89: 139 | M89: À venir | T89: =IF(OR(ISBLANK($N89),ISBLANK($O89)),"",IF(LEFT($B89,4)="Tour",N89,IF($N89<>$O89,N89,P89))) | U89: =IF(OR(ISBLANK($N89),ISBLANK($O89)),"",IF(LEFT($B89,4)="Tour",O89,IF($N89<>$O89,O89,Q89))) | V89: Exact | W89: {=IF(LEFT($B89,4)="Tour",0,IF(AND($N89=$O89,$P89=$Q89,NOT(ISBLANK(N89:Q89))),1,0))} -> 0 | X89: =IF( LEFT(B89,4)="Tour", N89&"-"&O89, IF(AND(A89>=73,A89<=104), IF(N89<>O89, N89&"-"&O89, IF(P89<>Q89, P89&"-"&Q89, IF(AND(NOT(ISBLANK(N89)),NOT(ISBLANK(O89)),NOT(ISBLANK(P89)),NOT(ISBLANK(Q89)),NOT(ISBLANK(R89)),NOT(ISBLANK(S89))), P89 &"-"&Q89&" (tab "&R89&"-"&S89&")", "" ) ) ) ) ) | Y89: =IF(X89="-","",IF(T89>U89,H89,IF(T89<U89,I89,"Nul"))) -> Nul | Z89: =IF(M89="Terminé",IF(T89>U89,J89,IF(T89<U89,L89,K89))+VLOOKUP(V89,Setup_ScoreExactBonus!$A:$D,4,FALSE),"") | AA89: =IFERROR( IF(M89="Terminé", IF(AND(NOT(ISBLANK(N89)), NOT(ISBLANK(O89))), IF(LEFT(B89,4)="Tour", Y89, IF(Y89<>"Nul", Y89, IF(R89>S89, H89, I89 ))))), "") -> FALSE | AB89: =IF(M89="Terminé",IF(Z89=MAX($Z$2:$Z$105),2,1),"") | AD89: =IF(M89="Terminé",SUMPRODUCT(Z$2:Z89,AB$2:AB89),"")
A90: =ROW(B90)-1 -> 89 | B90: 1/8 Finale | C90: 73 | D90: 76 | E90: 46207 | F90: 0.79166667 | G90: =E90+F90 -> 46207.792 | H90: =IF(VLOOKUP(C90,$A:$AA,13,FALSE)="Terminé",VLOOKUP(C90,$A:$AA,27,FALSE),"TBD") -> Canada | I90: =IF(VLOOKUP(D90,$A:$AA,13,FALSE)="Terminé",VLOOKUP(D90,$A:$AA,27,FALSE),"TBD") -> Maroc | J90: 137 | K90: 118 | L90: 68 | M90: À venir | T90: =IF(OR(ISBLANK($N90),ISBLANK($O90)),"",IF(LEFT($B90,4)="Tour",N90,IF($N90<>$O90,N90,P90))) | U90: =IF(OR(ISBLANK($N90),ISBLANK($O90)),"",IF(LEFT($B90,4)="Tour",O90,IF($N90<>$O90,O90,Q90))) | V90: Exact | W90: {=IF(LEFT($B90,4)="Tour",0,IF(AND($N90=$O90,$P90=$Q90,NOT(ISBLANK(N90:Q90))),1,0))} -> 0 | X90: =IF( LEFT(B90,4)="Tour", N90&"-"&O90, IF(AND(A90>=73,A90<=104), IF(N90<>O90, N90&"-"&O90, IF(P90<>Q90, P90&"-"&Q90, IF(AND(NOT(ISBLANK(N90)),NOT(ISBLANK(O90)),NOT(ISBLANK(P90)),NOT(ISBLANK(Q90)),NOT(ISBLANK(R90)),NOT(ISBLANK(S90))), P90 &"-"&Q90&" (tab "&R90&"-"&S90&")", "" ) ) ) ) ) | Y90: =IF(X90="-","",IF(T90>U90,H90,IF(T90<U90,I90,"Nul"))) -> Nul | Z90: =IF(M90="Terminé",IF(T90>U90,J90,IF(T90<U90,L90,K90))+VLOOKUP(V90,Setup_ScoreExactBonus!$A:$D,4,FALSE),"") | AA90: =IFERROR( IF(M90="Terminé", IF(AND(NOT(ISBLANK(N90)), NOT(ISBLANK(O90))), IF(LEFT(B90,4)="Tour", Y90, IF(Y90<>"Nul", Y90, IF(R90>S90, H90, I90 ))))), "") -> FALSE | AB90: =IF(M90="Terminé",IF(Z90=MAX($Z$2:$Z$105),2,1),"") | AD90: =IF(M90="Terminé",SUMPRODUCT(Z$2:Z90,AB$2:AB90),"")
A91: =ROW(B91)-1 -> 90 | B91: 1/8 Finale | C91: 75 | D91: 78 | E91: 46207 | F91: 0.95833333 | G91: =E91+F91 -> 46207.958 | H91: =IF(VLOOKUP(C91,$A:$AA,13,FALSE)="Terminé",VLOOKUP(C91,$A:$AA,27,FALSE),"TBD") -> Paraguay | I91: =IF(VLOOKUP(D91,$A:$AA,13,FALSE)="Terminé",VLOOKUP(D91,$A:$AA,27,FALSE),"TBD") -> France | J91: 202 | K91: 161 | L91: 28 | M91: À venir | T91: =IF(OR(ISBLANK($N91),ISBLANK($O91)),"",IF(LEFT($B91,4)="Tour",N91,IF($N91<>$O91,N91,P91))) | U91: =IF(OR(ISBLANK($N91),ISBLANK($O91)),"",IF(LEFT($B91,4)="Tour",O91,IF($N91<>$O91,O91,Q91))) | V91: Exact | W91: {=IF(LEFT($B91,4)="Tour",0,IF(AND($N91=$O91,$P91=$Q91,NOT(ISBLANK(N91:Q91))),1,0))} -> 0 | X91: =IF( LEFT(B91,4)="Tour", N91&"-"&O91, IF(AND(A91>=73,A91<=104), IF(N91<>O91, N91&"-"&O91, IF(P91<>Q91, P91&"-"&Q91, IF(AND(NOT(ISBLANK(N91)),NOT(ISBLANK(O91)),NOT(ISBLANK(P91)),NOT(ISBLANK(Q91)),NOT(ISBLANK(R91)),NOT(ISBLANK(S91))), P91 &"-"&Q91&" (tab "&R91&"-"&S91&")", "" ) ) ) ) ) | Y91: =IF(X91="-","",IF(T91>U91,H91,IF(T91<U91,I91,"Nul"))) -> Nul | Z91: =IF(M91="Terminé",IF(T91>U91,J91,IF(T91<U91,L91,K91))+VLOOKUP(V91,Setup_ScoreExactBonus!$A:$D,4,FALSE),"") | AA91: =IFERROR( IF(M91="Terminé", IF(AND(NOT(ISBLANK(N91)), NOT(ISBLANK(O91))), IF(LEFT(B91,4)="Tour", Y91, IF(Y91<>"Nul", Y91, IF(R91>S91, H91, I91 ))))), "") -> FALSE | AB91: =IF(M91="Terminé",IF(Z91=MAX($Z$2:$Z$105),2,1),"") | AD91: =IF(M91="Terminé",SUMPRODUCT(Z$2:Z91,AB$2:AB91),"")
A92: =ROW(B92)-1 -> 91 | B92: 1/8 Finale | C92: 74 | D92: 77 | E92: 46208 | F92: 0.91666667 | G92: =E92+F92 -> 46208.917 | H92: =IF(VLOOKUP(C92,$A:$AA,13,FALSE)="Terminé",VLOOKUP(C92,$A:$AA,27,FALSE),"TBD") -> Brésil | I92: =IF(VLOOKUP(D92,$A:$AA,13,FALSE)="Terminé",VLOOKUP(D92,$A:$AA,27,FALSE),"TBD") -> Norvège | J92: 72 | K92: 118 | L92: 130 | M92: À venir | T92: =IF(OR(ISBLANK($N92),ISBLANK($O92)),"",IF(LEFT($B92,4)="Tour",N92,IF($N92<>$O92,N92,P92))) | U92: =IF(OR(ISBLANK($N92),ISBLANK($O92)),"",IF(LEFT($B92,4)="Tour",O92,IF($N92<>$O92,O92,Q92))) | V92: Exact | W92: {=IF(LEFT($B92,4)="Tour",0,IF(AND($N92=$O92,$P92=$Q92,NOT(ISBLANK(N92:Q92))),1,0))} -> 0 | X92: =IF( LEFT(B92,4)="Tour", N92&"-"&O92, IF(AND(A92>=73,A92<=104), IF(N92<>O92, N92&"-"&O92, IF(P92<>Q92, P92&"-"&Q92, IF(AND(NOT(ISBLANK(N92)),NOT(ISBLANK(O92)),NOT(ISBLANK(P92)),NOT(ISBLANK(Q92)),NOT(ISBLANK(R92)),NOT(ISBLANK(S92))), P92 &"-"&Q92&" (tab "&R92&"-"&S92&")", "" ) ) ) ) ) | Y92: =IF(X92="-","",IF(T92>U92,H92,IF(T92<U92,I92,"Nul"))) -> Nul | Z92: =IF(M92="Terminé",IF(T92>U92,J92,IF(T92<U92,L92,K92))+VLOOKUP(V92,Setup_ScoreExactBonus!$A:$D,4,FALSE),"") | AA92: =IFERROR( IF(M92="Terminé", IF(AND(NOT(ISBLANK(N92)), NOT(ISBLANK(O92))), IF(LEFT(B92,4)="Tour", Y92, IF(Y92<>"Nul", Y92, IF(R92>S92, H92, I92 ))))), "") -> FALSE | AB92: =IF(M92="Terminé",IF(Z92=MAX($Z$2:$Z$105),2,1),"") | AD92: =IF(M92="Terminé",SUMPRODUCT(Z$2:Z92,AB$2:AB92),"")
A93: =ROW(B93)-1 -> 92 | B93: 1/8 Finale | C93: 79 | D93: 80 | E93: 46209 | F93: 0.083333333 | G93: =E93+F93 -> 46209.083 | H93: =IF(VLOOKUP(C93,$A:$AA,13,FALSE)="Terminé",VLOOKUP(C93,$A:$AA,27,FALSE),"TBD") -> Mexique | I93: =IF(VLOOKUP(D93,$A:$AA,13,FALSE)="Terminé",VLOOKUP(D93,$A:$AA,27,FALSE),"TBD") -> Angleterre | M93: À venir | T93: =IF(OR(ISBLANK($N93),ISBLANK($O93)),"",IF(LEFT($B93,4)="Tour",N93,IF($N93<>$O93,N93,P93))) | U93: =IF(OR(ISBLANK($N93),ISBLANK($O93)),"",IF(LEFT($B93,4)="Tour",O93,IF($N93<>$O93,O93,Q93))) | V93: Exact | W93: {=IF(LEFT($B93,4)="Tour",0,IF(AND($N93=$O93,$P93=$Q93,NOT(ISBLANK(N93:Q93))),1,0))} -> 0 | X93: =IF( LEFT(B93,4)="Tour", N93&"-"&O93, IF(AND(A93>=73,A93<=104), IF(N93<>O93, N93&"-"&O93, IF(P93<>Q93, P93&"-"&Q93, IF(AND(NOT(ISBLANK(N93)),NOT(ISBLANK(O93)),NOT(ISBLANK(P93)),NOT(ISBLANK(Q93)),NOT(ISBLANK(R93)),NOT(ISBLANK(S93))), P93 &"-"&Q93&" (tab "&R93&"-"&S93&")", "" ) ) ) ) ) | Y93: =IF(X93="-","",IF(T93>U93,H93,IF(T93<U93,I93,"Nul"))) -> Nul | Z93: =IF(M93="Terminé",IF(T93>U93,J93,IF(T93<U93,L93,K93))+VLOOKUP(V93,Setup_ScoreExactBonus!$A:$D,4,FALSE),"") | AA93: =IFERROR( IF(M93="Terminé", IF(AND(NOT(ISBLANK(N93)), NOT(ISBLANK(O93))), IF(LEFT(B93,4)="Tour", Y93, IF(Y93<>"Nul", Y93, IF(R93>S93, H93, I93 ))))), "") -> FALSE | AB93: =IF(M93="Terminé",IF(Z93=MAX($Z$2:$Z$105),2,1),"") | AD93: =IF(M93="Terminé",SUMPRODUCT(Z$2:Z93,AB$2:AB93),"")
A94: =ROW(B94)-1 -> 93 | B94: 1/8 Finale | C94: 83 | D94: 84 | E94: 46209 | F94: 0.875 | G94: =E94+F94 -> 46209.875 | H94: =IF(VLOOKUP(C94,$A:$AA,13,FALSE)="Terminé",VLOOKUP(C94,$A:$AA,27,FALSE),"TBD") -> TBD | I94: =IF(VLOOKUP(D94,$A:$AA,13,FALSE)="Terminé",VLOOKUP(D94,$A:$AA,27,FALSE),"TBD") -> TBD | M94: À venir | T94: =IF(OR(ISBLANK($N94),ISBLANK($O94)),"",IF(LEFT($B94,4)="Tour",N94,IF($N94<>$O94,N94,P94))) | U94: =IF(OR(ISBLANK($N94),ISBLANK($O94)),"",IF(LEFT($B94,4)="Tour",O94,IF($N94<>$O94,O94,Q94))) | V94: Exact | W94: {=IF(LEFT($B94,4)="Tour",0,IF(AND($N94=$O94,$P94=$Q94,NOT(ISBLANK(N94:Q94))),1,0))} -> 0 | X94: =IF( LEFT(B94,4)="Tour", N94&"-"&O94, IF(AND(A94>=73,A94<=104), IF(N94<>O94, N94&"-"&O94, IF(P94<>Q94, P94&"-"&Q94, IF(AND(NOT(ISBLANK(N94)),NOT(ISBLANK(O94)),NOT(ISBLANK(P94)),NOT(ISBLANK(Q94)),NOT(ISBLANK(R94)),NOT(ISBLANK(S94))), P94 &"-"&Q94&" (tab "&R94&"-"&S94&")", "" ) ) ) ) ) | Y94: =IF(X94="-","",IF(T94>U94,H94,IF(T94<U94,I94,"Nul"))) -> Nul | Z94: =IF(M94="Terminé",IF(T94>U94,J94,IF(T94<U94,L94,K94))+VLOOKUP(V94,Setup_ScoreExactBonus!$A:$D,4,FALSE),"") | AA94: =IFERROR( IF(M94="Terminé", IF(AND(NOT(ISBLANK(N94)), NOT(ISBLANK(O94))), IF(LEFT(B94,4)="Tour", Y94, IF(Y94<>"Nul", Y94, IF(R94>S94, H94, I94 ))))), "") -> FALSE | AB94: =IF(M94="Terminé",IF(Z94=MAX($Z$2:$Z$105),2,1),"") | AD94: =IF(M94="Terminé",SUMPRODUCT(Z$2:Z94,AB$2:AB94),"")
A95: =ROW(B95)-1 -> 94 | B95: 1/8 Finale | C95: 81 | D95: 82 | E95: 46210 | F95: 0.083333333 | G95: =E95+F95 -> 46210.083 | H95: =IF(VLOOKUP(C95,$A:$AA,13,FALSE)="Terminé",VLOOKUP(C95,$A:$AA,27,FALSE),"TBD") -> Sénégal | I95: =IF(VLOOKUP(D95,$A:$AA,13,FALSE)="Terminé",VLOOKUP(D95,$A:$AA,27,FALSE),"TBD") -> TBD | M95: À venir | T95: =IF(OR(ISBLANK($N95),ISBLANK($O95)),"",IF(LEFT($B95,4)="Tour",N95,IF($N95<>$O95,N95,P95))) | U95: =IF(OR(ISBLANK($N95),ISBLANK($O95)),"",IF(LEFT($B95,4)="Tour",O95,IF($N95<>$O95,O95,Q95))) | V95: Exact | W95: {=IF(LEFT($B95,4)="Tour",0,IF(AND($N95=$O95,$P95=$Q95,NOT(ISBLANK(N95:Q95))),1,0))} -> 0 | X95: =IF( LEFT(B95,4)="Tour", N95&"-"&O95, IF(AND(A95>=73,A95<=104), IF(N95<>O95, N95&"-"&O95, IF(P95<>Q95, P95&"-"&Q95, IF(AND(NOT(ISBLANK(N95)),NOT(ISBLANK(O95)),NOT(ISBLANK(P95)),NOT(ISBLANK(Q95)),NOT(ISBLANK(R95)),NOT(ISBLANK(S95))), P95 &"-"&Q95&" (tab "&R95&"-"&S95&")", "" ) ) ) ) ) | Y95: =IF(X95="-","",IF(T95>U95,H95,IF(T95<U95,I95,"Nul"))) -> Nul | Z95: =IF(M95="Terminé",IF(T95>U95,J95,IF(T95<U95,L95,K95))+VLOOKUP(V95,Setup_ScoreExactBonus!$A:$D,4,FALSE),"") | AA95: =IFERROR( IF(M95="Terminé", IF(AND(NOT(ISBLANK(N95)), NOT(ISBLANK(O95))), IF(LEFT(B95,4)="Tour", Y95, IF(Y95<>"Nul", Y95, IF(R95>S95, H95, I95 ))))), "") -> FALSE | AB95: =IF(M95="Terminé",IF(Z95=MAX($Z$2:$Z$105),2,1),"") | AD95: =IF(M95="Terminé",SUMPRODUCT(Z$2:Z95,AB$2:AB95),"")
A96: =ROW(B96)-1 -> 95 | B96: 1/8 Finale | C96: 85 | D96: 88 | E96: 46210 | F96: 0.75 | G96: =E96+F96 -> 46210.75 | H96: =IF(VLOOKUP(C96,$A:$AA,13,FALSE)="Terminé",VLOOKUP(C96,$A:$AA,27,FALSE),"TBD") -> TBD | I96: =IF(VLOOKUP(D96,$A:$AA,13,FALSE)="Terminé",VLOOKUP(D96,$A:$AA,27,FALSE),"TBD") -> TBD | M96: À venir | T96: =IF(OR(ISBLANK($N96),ISBLANK($O96)),"",IF(LEFT($B96,4)="Tour",N96,IF($N96<>$O96,N96,P96))) | U96: =IF(OR(ISBLANK($N96),ISBLANK($O96)),"",IF(LEFT($B96,4)="Tour",O96,IF($N96<>$O96,O96,Q96))) | V96: Exact | W96: {=IF(LEFT($B96,4)="Tour",0,IF(AND($N96=$O96,$P96=$Q96,NOT(ISBLANK(N96:Q96))),1,0))} -> 0 | X96: =IF( LEFT(B96,4)="Tour", N96&"-"&O96, IF(AND(A96>=73,A96<=104), IF(N96<>O96, N96&"-"&O96, IF(P96<>Q96, P96&"-"&Q96, IF(AND(NOT(ISBLANK(N96)),NOT(ISBLANK(O96)),NOT(ISBLANK(P96)),NOT(ISBLANK(Q96)),NOT(ISBLANK(R96)),NOT(ISBLANK(S96))), P96 &"-"&Q96&" (tab "&R96&"-"&S96&")", "" ) ) ) ) ) | Y96: =IF(X96="-","",IF(T96>U96,H96,IF(T96<U96,I96,"Nul"))) -> Nul | Z96: =IF(M96="Terminé",IF(T96>U96,J96,IF(T96<U96,L96,K96))+VLOOKUP(V96,Setup_ScoreExactBonus!$A:$D,4,FALSE),"") | AA96: =IFERROR( IF(M96="Terminé", IF(AND(NOT(ISBLANK(N96)), NOT(ISBLANK(O96))), IF(LEFT(B96,4)="Tour", Y96, IF(Y96<>"Nul", Y96, IF(R96>S96, H96, I96 ))))), "") -> FALSE | AB96: =IF(M96="Terminé",IF(Z96=MAX($Z$2:$Z$105),2,1),"") | AD96: =IF(M96="Terminé",SUMPRODUCT(Z$2:Z96,AB$2:AB96),"")
A97: =ROW(B97)-1 -> 96 | B97: 1/8 Finale | C97: 86 | D97: 87 | E97: 46210 | F97: 0.91666667 | G97: =E97+F97 -> 46210.917 | H97: =IF(VLOOKUP(C97,$A:$AA,13,FALSE)="Terminé",VLOOKUP(C97,$A:$AA,27,FALSE),"TBD") -> TBD | I97: =IF(VLOOKUP(D97,$A:$AA,13,FALSE)="Terminé",VLOOKUP(D97,$A:$AA,27,FALSE),"TBD") -> TBD | M97: À venir | T97: =IF(OR(ISBLANK($N97),ISBLANK($O97)),"",IF(LEFT($B97,4)="Tour",N97,IF($N97<>$O97,N97,P97))) | U97: =IF(OR(ISBLANK($N97),ISBLANK($O97)),"",IF(LEFT($B97,4)="Tour",O97,IF($N97<>$O97,O97,Q97))) | V97: Exact | W97: {=IF(LEFT($B97,4)="Tour",0,IF(AND($N97=$O97,$P97=$Q97,NOT(ISBLANK(N97:Q97))),1,0))} -> 0 | X97: =IF( LEFT(B97,4)="Tour", N97&"-"&O97, IF(AND(A97>=73,A97<=104), IF(N97<>O97, N97&"-"&O97, IF(P97<>Q97, P97&"-"&Q97, IF(AND(NOT(ISBLANK(N97)),NOT(ISBLANK(O97)),NOT(ISBLANK(P97)),NOT(ISBLANK(Q97)),NOT(ISBLANK(R97)),NOT(ISBLANK(S97))), P97 &"-"&Q97&" (tab "&R97&"-"&S97&")", "" ) ) ) ) ) | Y97: =IF(X97="-","",IF(T97>U97,H97,IF(T97<U97,I97,"Nul"))) -> Nul | Z97: =IF(M97="Terminé",IF(T97>U97,J97,IF(T97<U97,L97,K97))+VLOOKUP(V97,Setup_ScoreExactBonus!$A:$D,4,FALSE),"") | AA97: =IFERROR( IF(M97="Terminé", IF(AND(NOT(ISBLANK(N97)), NOT(ISBLANK(O97))), IF(LEFT(B97,4)="Tour", Y97, IF(Y97<>"Nul", Y97, IF(R97>S97, H97, I97 ))))), "") -> FALSE | AB97: =IF(M97="Terminé",IF(Z97=MAX($Z$2:$Z$105),2,1),"") | AD97: =IF(M97="Terminé",SUMPRODUCT(Z$2:Z97,AB$2:AB97),"")
A98: =ROW(B98)-1 -> 97 | B98: 1/4 Finale | C98: 89 | D98: 90 | E98: 46212 | F98: 0.91666667 | G98: =E98+F98 -> 46212.917 | H98: =IF(VLOOKUP(C98,$A:$AA,13,FALSE)="Terminé",VLOOKUP(C98,$A:$AA,27,FALSE),"TBD") -> TBD | I98: =IF(VLOOKUP(D98,$A:$AA,13,FALSE)="Terminé",VLOOKUP(D98,$A:$AA,27,FALSE),"TBD") -> TBD | M98: À venir | T98: =IF(OR(ISBLANK($N98),ISBLANK($O98)),"",IF(LEFT($B98,4)="Tour",N98,IF($N98<>$O98,N98,P98))) | U98: =IF(OR(ISBLANK($N98),ISBLANK($O98)),"",IF(LEFT($B98,4)="Tour",O98,IF($N98<>$O98,O98,Q98))) | V98: Exact | W98: {=IF(LEFT($B98,4)="Tour",0,IF(AND($N98=$O98,$P98=$Q98,NOT(ISBLANK(N98:Q98))),1,0))} -> 0 | X98: =IF( LEFT(B98,4)="Tour", N98&"-"&O98, IF(AND(A98>=73,A98<=104), IF(N98<>O98, N98&"-"&O98, IF(P98<>Q98, P98&"-"&Q98, IF(AND(NOT(ISBLANK(N98)),NOT(ISBLANK(O98)),NOT(ISBLANK(P98)),NOT(ISBLANK(Q98)),NOT(ISBLANK(R98)),NOT(ISBLANK(S98))), P98 &"-"&Q98&" (tab "&R98&"-"&S98&")", "" ) ) ) ) ) | Y98: =IF(X98="-","",IF(T98>U98,H98,IF(T98<U98,I98,"Nul"))) -> Nul | Z98: =IF(M98="Terminé",IF(T98>U98,J98,IF(T98<U98,L98,K98))+VLOOKUP(V98,Setup_ScoreExactBonus!$A:$D,4,FALSE),"") | AA98: =IFERROR( IF(M98="Terminé", IF(AND(NOT(ISBLANK(N98)), NOT(ISBLANK(O98))), IF(LEFT(B98,4)="Tour", Y98, IF(Y98<>"Nul", Y98, IF(R98>S98, H98, I98 ))))), "") -> FALSE | AB98: =IF(M98="Terminé",IF(Z98=MAX($Z$2:$Z$105),2,1),"") | AD98: =IF(M98="Terminé",SUMPRODUCT(Z$2:Z98,AB$2:AB98),"")
A99: =ROW(B99)-1 -> 98 | B99: 1/4 Finale | C99: 93 | D99: 94 | E99: 46213 | F99: 0.875 | G99: =E99+F99 -> 46213.875 | H99: =IF(VLOOKUP(C99,$A:$AA,13,FALSE)="Terminé",VLOOKUP(C99,$A:$AA,27,FALSE),"TBD") -> TBD | I99: =IF(VLOOKUP(D99,$A:$AA,13,FALSE)="Terminé",VLOOKUP(D99,$A:$AA,27,FALSE),"TBD") -> TBD | M99: À venir | T99: =IF(OR(ISBLANK($N99),ISBLANK($O99)),"",IF(LEFT($B99,4)="Tour",N99,IF($N99<>$O99,N99,P99))) | U99: =IF(OR(ISBLANK($N99),ISBLANK($O99)),"",IF(LEFT($B99,4)="Tour",O99,IF($N99<>$O99,O99,Q99))) | V99: Exact | W99: {=IF(LEFT($B99,4)="Tour",0,IF(AND($N99=$O99,$P99=$Q99,NOT(ISBLANK(N99:Q99))),1,0))} -> 0 | X99: =IF( LEFT(B99,4)="Tour", N99&"-"&O99, IF(AND(A99>=73,A99<=104), IF(N99<>O99, N99&"-"&O99, IF(P99<>Q99, P99&"-"&Q99, IF(AND(NOT(ISBLANK(N99)),NOT(ISBLANK(O99)),NOT(ISBLANK(P99)),NOT(ISBLANK(Q99)),NOT(ISBLANK(R99)),NOT(ISBLANK(S99))), P99 &"-"&Q99&" (tab "&R99&"-"&S99&")", "" ) ) ) ) ) | Y99: =IF(X99="-","",IF(T99>U99,H99,IF(T99<U99,I99,"Nul"))) -> Nul | Z99: =IF(M99="Terminé",IF(T99>U99,J99,IF(T99<U99,L99,K99))+VLOOKUP(V99,Setup_ScoreExactBonus!$A:$D,4,FALSE),"") | AA99: =IFERROR( IF(M99="Terminé", IF(AND(NOT(ISBLANK(N99)), NOT(ISBLANK(O99))), IF(LEFT(B99,4)="Tour", Y99, IF(Y99<>"Nul", Y99, IF(R99>S99, H99, I99 ))))), "") -> FALSE | AB99: =IF(M99="Terminé",IF(Z99=MAX($Z$2:$Z$105),2,1),"") | AD99: =IF(M99="Terminé",SUMPRODUCT(Z$2:Z99,AB$2:AB99),"")
A100: =ROW(B100)-1 -> 99 | B100: 1/4 Finale | C100: 91 | D100: 92 | E100: 46214 | F100: 0.95833333 | G100: =E100+F100 -> 46214.958 | H100: =IF(VLOOKUP(C100,$A:$AA,13,FALSE)="Terminé",VLOOKUP(C100,$A:$AA,27,FALSE),"TBD") -> TBD | I100: =IF(VLOOKUP(D100,$A:$AA,13,FALSE)="Terminé",VLOOKUP(D100,$A:$AA,27,FALSE),"TBD") -> TBD | M100: À venir | T100: =IF(OR(ISBLANK($N100),ISBLANK($O100)),"",IF(LEFT($B100,4)="Tour",N100,IF($N100<>$O100,N100,P100))) | U100: =IF(OR(ISBLANK($N100),ISBLANK($O100)),"",IF(LEFT($B100,4)="Tour",O100,IF($N100<>$O100,O100,Q100))) | V100: Exact | W100: {=IF(LEFT($B100,4)="Tour",0,IF(AND($N100=$O100,$P100=$Q100,NOT(ISBLANK(N100:Q100))),1,0))} -> 0 | X100: =IF( LEFT(B100,4)="Tour", N100&"-"&O100, IF(AND(A100>=73,A100<=104), IF(N100<>O100, N100&"-"&O100, IF(P100<>Q100, P100&"-"&Q100, IF(AND(NOT(ISBLANK(N100)),NOT(ISBLANK(O100)),NOT(ISBLANK(P100)),NOT(ISBLANK(Q100)),NOT(ISBLANK(R100)),NOT(ISBLANK(S100))), P100 &"-"&Q100&" (tab "&R100&"-"&S100&")", "" ) ) ) ) ) | Y100: =IF(X100="-","",IF(T100>U100,H100,IF(T100<U100,I100,"Nul"))) -> Nul | Z100: =IF(M100="Terminé",IF(T100>U100,J100,IF(T100<U100,L100,K100))+VLOOKUP(V100,Setup_ScoreExactBonus!$A:$D,4,FALSE),"") | AA100: =IFERROR( IF(M100="Terminé", IF(AND(NOT(ISBLANK(N100)), NOT(ISBLANK(O100))), IF(LEFT(B100,4)="Tour", Y100, IF(Y100<>"Nul", Y100, IF(R100>S100, H100, I100 ))))), "") -> FALSE | AB100: =IF(M100="Terminé",IF(Z100=MAX($Z$2:$Z$105),2,1),"") | AD100: =IF(M100="Terminé",SUMPRODUCT(Z$2:Z100,AB$2:AB100),"")
A101: =ROW(B101)-1 -> 100 | B101: 1/4 Finale | C101: 95 | D101: 96 | E101: 46215 | F101: 0.125 | G101: =E101+F101 -> 46215.125 | H101: =IF(VLOOKUP(C101,$A:$AA,13,FALSE)="Terminé",VLOOKUP(C101,$A:$AA,27,FALSE),"TBD") -> TBD | I101: =IF(VLOOKUP(D101,$A:$AA,13,FALSE)="Terminé",VLOOKUP(D101,$A:$AA,27,FALSE),"TBD") -> TBD | M101: À venir | T101: =IF(OR(ISBLANK($N101),ISBLANK($O101)),"",IF(LEFT($B101,4)="Tour",N101,IF($N101<>$O101,N101,P101))) | U101: =IF(OR(ISBLANK($N101),ISBLANK($O101)),"",IF(LEFT($B101,4)="Tour",O101,IF($N101<>$O101,O101,Q101))) | V101: Exact | W101: {=IF(LEFT($B101,4)="Tour",0,IF(AND($N101=$O101,$P101=$Q101,NOT(ISBLANK(N101:Q101))),1,0))} -> 0 | X101: =IF( LEFT(B101,4)="Tour", N101&"-"&O101, IF(AND(A101>=73,A101<=104), IF(N101<>O101, N101&"-"&O101, IF(P101<>Q101, P101&"-"&Q101, IF(AND(NOT(ISBLANK(N101)),NOT(ISBLANK(O101)),NOT(ISBLANK(P101)),NOT(ISBLANK(Q101)),NOT(ISBLANK(R101)),NOT(ISBLANK(S101))), P101 &"-"&Q101&" (tab "&R101&"-"&S101&")", "" ) ) ) ) ) | Y101: =IF(X101="-","",IF(T101>U101,H101,IF(T101<U101,I101,"Nul"))) -> Nul | Z101: =IF(M101="Terminé",IF(T101>U101,J101,IF(T101<U101,L101,K101))+VLOOKUP(V101,Setup_ScoreExactBonus!$A:$D,4,FALSE),"") | AA101: =IFERROR( IF(M101="Terminé", IF(AND(NOT(ISBLANK(N101)), NOT(ISBLANK(O101))), IF(LEFT(B101,4)="Tour", Y101, IF(Y101<>"Nul", Y101, IF(R101>S101, H101, I101 ))))), "") -> FALSE | AB101: =IF(M101="Terminé",IF(Z101=MAX($Z$2:$Z$105),2,1),"") | AD101: =IF(M101="Terminé",SUMPRODUCT(Z$2:Z101,AB$2:AB101),"")
A102: =ROW(B102)-1 -> 101 | B102: 1/2 Finale | C102: 97 | D102: 98 | E102: 46217 | F102: 0.875 | G102: =E102+F102 -> 46217.875 | H102: =IF(VLOOKUP(C102,$A:$AA,13,FALSE)="Terminé",VLOOKUP(C102,$A:$AA,27,FALSE),"TBD") -> TBD | I102: =IF(VLOOKUP(D102,$A:$AA,13,FALSE)="Terminé",VLOOKUP(D102,$A:$AA,27,FALSE),"TBD") -> TBD | M102: À venir | T102: =IF(OR(ISBLANK($N102),ISBLANK($O102)),"",IF(LEFT($B102,4)="Tour",N102,IF($N102<>$O102,N102,P102))) | U102: =IF(OR(ISBLANK($N102),ISBLANK($O102)),"",IF(LEFT($B102,4)="Tour",O102,IF($N102<>$O102,O102,Q102))) | V102: Exact | W102: {=IF(LEFT($B102,4)="Tour",0,IF(AND($N102=$O102,$P102=$Q102,NOT(ISBLANK(N102:Q102))),1,0))} -> 0 | X102: =IF( LEFT(B102,4)="Tour", N102&"-"&O102, IF(AND(A102>=73,A102<=104), IF(N102<>O102, N102&"-"&O102, IF(P102<>Q102, P102&"-"&Q102, IF(AND(NOT(ISBLANK(N102)),NOT(ISBLANK(O102)),NOT(ISBLANK(P102)),NOT(ISBLANK(Q102)),NOT(ISBLANK(R102)),NOT(ISBLANK(S102))), P102 &"-"&Q102&" (tab "&R102&"-"&S102&")", "" ) ) ) ) ) | Y102: =IF(X102="-","",IF(T102>U102,H102,IF(T102<U102,I102,"Nul"))) -> Nul | Z102: =IF(M102="Terminé",IF(T102>U102,J102,IF(T102<U102,L102,K102))+VLOOKUP(V102,Setup_ScoreExactBonus!$A:$D,4,FALSE),"") | AA102: =IFERROR( IF(M102="Terminé", IF(AND(NOT(ISBLANK(N102)), NOT(ISBLANK(O102))), IF(LEFT(B102,4)="Tour", Y102, IF(Y102<>"Nul", Y102, IF(R102>S102, H102, I102 ))))), "") -> FALSE | AB102: =IF(M102="Terminé",IF(Z102=MAX($Z$2:$Z$105),2,1),"") | AD102: =IF(M102="Terminé",SUMPRODUCT(Z$2:Z102,AB$2:AB102),"")
A103: =ROW(B103)-1 -> 102 | B103: 1/2 Finale | C103: 99 | D103: 100 | E103: 46218 | F103: 0.875 | G103: =E103+F103 -> 46218.875 | H103: =IF(VLOOKUP(C103,$A:$AA,13,FALSE)="Terminé",VLOOKUP(C103,$A:$AA,27,FALSE),"TBD") -> TBD | I103: =IF(VLOOKUP(D103,$A:$AA,13,FALSE)="Terminé",VLOOKUP(D103,$A:$AA,27,FALSE),"TBD") -> TBD | M103: À venir | T103: =IF(OR(ISBLANK($N103),ISBLANK($O103)),"",IF(LEFT($B103,4)="Tour",N103,IF($N103<>$O103,N103,P103))) | U103: =IF(OR(ISBLANK($N103),ISBLANK($O103)),"",IF(LEFT($B103,4)="Tour",O103,IF($N103<>$O103,O103,Q103))) | V103: Exact | W103: {=IF(LEFT($B103,4)="Tour",0,IF(AND($N103=$O103,$P103=$Q103,NOT(ISBLANK(N103:Q103))),1,0))} -> 0 | X103: =IF( LEFT(B103,4)="Tour", N103&"-"&O103, IF(AND(A103>=73,A103<=104), IF(N103<>O103, N103&"-"&O103, IF(P103<>Q103, P103&"-"&Q103, IF(AND(NOT(ISBLANK(N103)),NOT(ISBLANK(O103)),NOT(ISBLANK(P103)),NOT(ISBLANK(Q103)),NOT(ISBLANK(R103)),NOT(ISBLANK(S103))), P103 &"-"&Q103&" (tab "&R103&"-"&S103&")", "" ) ) ) ) ) | Y103: =IF(X103="-","",IF(T103>U103,H103,IF(T103<U103,I103,"Nul"))) -> Nul | Z103: =IF(M103="Terminé",IF(T103>U103,J103,IF(T103<U103,L103,K103))+VLOOKUP(V103,Setup_ScoreExactBonus!$A:$D,4,FALSE),"") | AA103: =IFERROR( IF(M103="Terminé", IF(AND(NOT(ISBLANK(N103)), NOT(ISBLANK(O103))), IF(LEFT(B103,4)="Tour", Y103, IF(Y103<>"Nul", Y103, IF(R103>S103, H103, I103 ))))), "") -> FALSE | AB103: =IF(M103="Terminé",IF(Z103=MAX($Z$2:$Z$105),2,1),"") | AD103: =IF(M103="Terminé",SUMPRODUCT(Z$2:Z103,AB$2:AB103),"")
A104: =ROW(B104)-1 -> 103 | B104: Petite Finale | C104: 101 | D104: 102 | E104: 46221 | F104: 0.95833333 | G104: =E104+F104 -> 46221.958 | H104: =IF(VLOOKUP(C104,$A:$AA,13,FALSE)="Terminé",VLOOKUP(C104,$A:$AA,27,FALSE),"TBD") -> TBD | I104: =IF(VLOOKUP(D104,$A:$AA,13,FALSE)="Terminé",VLOOKUP(D104,$A:$AA,27,FALSE),"TBD") -> TBD | M104: À venir | T104: =IF(OR(ISBLANK($N104),ISBLANK($O104)),"",IF(LEFT($B104,4)="Tour",N104,IF($N104<>$O104,N104,P104))) | U104: =IF(OR(ISBLANK($N104),ISBLANK($O104)),"",IF(LEFT($B104,4)="Tour",O104,IF($N104<>$O104,O104,Q104))) | V104: Exact | W104: {=IF(LEFT($B104,4)="Tour",0,IF(AND($N104=$O104,$P104=$Q104,NOT(ISBLANK(N104:Q104))),1,0))} -> 0 | X104: =IF( LEFT(B104,4)="Tour", N104&"-"&O104, IF(AND(A104>=73,A104<=104), IF(N104<>O104, N104&"-"&O104, IF(P104<>Q104, P104&"-"&Q104, IF(AND(NOT(ISBLANK(N104)),NOT(ISBLANK(O104)),NOT(ISBLANK(P104)),NOT(ISBLANK(Q104)),NOT(ISBLANK(R104)),NOT(ISBLANK(S104))), P104 &"-"&Q104&" (tab "&R104&"-"&S104&")", "" ) ) ) ) ) | Y104: =IF(X104="-","",IF(T104>U104,H104,IF(T104<U104,I104,"Nul"))) -> Nul | Z104: =IF(M104="Terminé",IF(T104>U104,J104,IF(T104<U104,L104,K104))+VLOOKUP(V104,Setup_ScoreExactBonus!$A:$D,4,FALSE),"") | AA104: =IFERROR( IF(M104="Terminé", IF(AND(NOT(ISBLANK(N104)), NOT(ISBLANK(O104))), IF(LEFT(B104,4)="Tour", Y104, IF(Y104<>"Nul", Y104, IF(R104>S104, H104, I104 ))))), "") -> FALSE | AB104: =IF(M104="Terminé",IF(Z104=MAX($Z$2:$Z$105),2,1),"") | AD104: =IF(M104="Terminé",SUMPRODUCT(Z$2:Z104,AB$2:AB104),"")
A105: =ROW(B105)-1 -> 104 | B105: Finale | C105: 101 | D105: 102 | E105: 46222 | F105: 0.875 | G105: =E105+F105 -> 46222.875 | H105: =IF(VLOOKUP(C105,$A:$AA,13,FALSE)="Terminé",VLOOKUP(C105,$A:$AA,27,FALSE),"TBD") -> TBD | I105: =IF(VLOOKUP(D105,$A:$AA,13,FALSE)="Terminé",VLOOKUP(D105,$A:$AA,27,FALSE),"TBD") -> TBD | M105: À venir | T105: =IF(OR(ISBLANK($N105),ISBLANK($O105)),"",IF(LEFT($B105,4)="Tour",N105,IF($N105<>$O105,N105,P105))) | U105: =IF(OR(ISBLANK($N105),ISBLANK($O105)),"",IF(LEFT($B105,4)="Tour",O105,IF($N105<>$O105,O105,Q105))) | V105: Exact | W105: {=IF(LEFT($B105,4)="Tour",0,IF(AND($N105=$O105,$P105=$Q105,NOT(ISBLANK(N105:Q105))),1,0))} -> 0 | X105: =IF( LEFT(B105,4)="Tour", N105&"-"&O105, IF(AND(A105>=73,A105<=104), IF(N105<>O105, N105&"-"&O105, IF(P105<>Q105, P105&"-"&Q105, IF(AND(NOT(ISBLANK(N105)),NOT(ISBLANK(O105)),NOT(ISBLANK(P105)),NOT(ISBLANK(Q105)),NOT(ISBLANK(R105)),NOT(ISBLANK(S105))), P105 &"-"&Q105&" (tab "&R105&"-"&S105&")", "" ) ) ) ) ) | Y105: =IF(X105="-","",IF(T105>U105,H105,IF(T105<U105,I105,"Nul"))) -> Nul | Z105: =IF(M105="Terminé",IF(T105>U105,J105,IF(T105<U105,L105,K105))+VLOOKUP(V105,Setup_ScoreExactBonus!$A:$D,4,FALSE),"") | AA105: =IFERROR( IF(M105="Terminé", IF(AND(NOT(ISBLANK(N105)), NOT(ISBLANK(O105))), IF(LEFT(B105,4)="Tour", Y105, IF(Y105<>"Nul", Y105, IF(R105>S105, H105, I105 ))))), "") -> FALSE | AB105: =IF(M105="Terminé",IF(Z105=MAX($Z$2:$Z$105),2,1),"") | AD105: =IF(M105="Terminé",SUMPRODUCT(Z$2:Z105,AB$2:AB105),"")

Sheet Location
A1: Match | B1: date | C1: time | D1: Date/Heure | E1: Phase Id | F1: Phase | G1: Equipe 1 | H1: Equipe 2 | I1: Location | J1: Stadium
A2: =ROW(B2)-1 -> 1 | B2: 46184 | C2: 0.875 | D2: =B2+C2 -> 46184.875 | E2: 1 | F2: Tour 1 | G2: =VLOOKUP($A2,Database!$A:$I,8,FALSE) -> Mexique | H2: =VLOOKUP($A2,Database!$A:$I,9,FALSE) -> Afrique du Sud | I2: Mexique City | J2: Estadio Azteca
A3: =ROW(B3)-1 -> 2 | B3: 46185 | C3: 0.16666667 | D3: =B3+C3 -> 46185.167 | E3: 1 | F3: Tour 1 | G3: =VLOOKUP($A3,Database!$A:$I,8,FALSE) -> Corée du Sud | H3: =VLOOKUP($A3,Database!$A:$I,9,FALSE) -> Tchéquie | I3: Zapopan | J3: Estadio Akron
A4: =ROW(B4)-1 -> 3 | B4: 46185 | C4: 0.875 | D4: =B4+C4 -> 46185.875 | E4: 1 | F4: Tour 1 | G4: =VLOOKUP($A4,Database!$A:$I,8,FALSE) -> Canada | H4: =VLOOKUP($A4,Database!$A:$I,9,FALSE) -> Bosnie-Herzégovine | I4: Toronto | J4: BMO Field
A5: =ROW(B5)-1 -> 4 | B5: 46186 | C5: 0.125 | D5: =B5+C5 -> 46186.125 | E5: 1 | F5: Tour 1 | G5: =VLOOKUP($A5,Database!$A:$I,8,FALSE) -> Etats-Unis | H5: =VLOOKUP($A5,Database!$A:$I,9,FALSE) -> Paraguay | I5: Inglewood, Los Angeles, California | J5: SoFi Stadium
A6: =ROW(B6)-1 -> 5 | B6: 46186 | C6: 0.875 | D6: =B6+C6 -> 46186.875 | E6: 1 | F6: Tour 1 | G6: =VLOOKUP($A6,Database!$A:$I,8,FALSE) -> Qatar | H6: =VLOOKUP($A6,Database!$A:$I,9,FALSE) -> Suisse | I6: Santa Clara, Californie | J6: Levi's Stadium
A7: =ROW(B7)-1 -> 6 | B7: 46187 | C7: 0 | D7: =B7+C7 -> 46187 | E7: 1 | F7: Tour 1 | G7: =VLOOKUP($A7,Database!$A:$I,8,FALSE) -> Brésil | H7: =VLOOKUP($A7,Database!$A:$I,9,FALSE) -> Maroc | I7: East Rutherford, New Jersey/New York | J7: MetLife Stadium
A8: =ROW(B8)-1 -> 7 | B8: 46187 | C8: 0.125 | D8: =B8+C8 -> 46187.125 | E8: 1 | F8: Tour 1 | G8: =VLOOKUP($A8,Database!$A:$I,8,FALSE) -> Haïti | H8: =VLOOKUP($A8,Database!$A:$I,9,FALSE) -> Ecosse | I8: Foxborough | J8: Gillette Stadium
A9: =ROW(B9)-1 -> 8 | B9: 46187 | C9: 0.25 | D9: =B9+C9 -> 46187.25 | E9: 1 | F9: Tour 1 | G9: =VLOOKUP($A9,Database!$A:$I,8,FALSE) -> Australie | H9: =VLOOKUP($A9,Database!$A:$I,9,FALSE) -> Turquie | I9: Vancouver | J9: BC Place
A10: =ROW(B10)-1 -> 9 | B10: 46187 | C10: 0.79166667 | D10: =B10+C10 -> 46187.792 | E10: 1 | F10: Tour 1 | G10: =VLOOKUP($A10,Database!$A:$I,8,FALSE) -> Allemagne | H10: =VLOOKUP($A10,Database!$A:$I,9,FALSE) -> Curaçao | I10: Houston, Texas | J10: NRG Stadium
A11: =ROW(B11)-1 -> 10 | B11: 46187 | C11: 0.91666667 | D11: =B11+C11 -> 46187.917 | E11: 1 | F11: Tour 1 | G11: =VLOOKUP($A11,Database!$A:$I,8,FALSE) -> Pays-Bas | H11: =VLOOKUP($A11,Database!$A:$I,9,FALSE) -> Japon | I11: Arlington, Dallas, Texas | J11: AT&T Stadium
A12: =ROW(B12)-1 -> 11 | B12: 46188 | C12: 0.041666667 | D12: =B12+C12 -> 46188.042 | E12: 1 | F12: Tour 1 | G12: =VLOOKUP($A12,Database!$A:$I,8,FALSE) -> Côte d'Ivoire | H12: =VLOOKUP($A12,Database!$A:$I,9,FALSE) -> Equateur | I12: Philadelphia, Pennsylvania | J12: Lincoln Financial Field
A13: =ROW(B13)-1 -> 12 | B13: 46188 | C13: 0.16666667 | D13: =B13+C13 -> 46188.167 | E13: 1 | F13: Tour 1 | G13: =VLOOKUP($A13,Database!$A:$I,8,FALSE) -> Suède | H13: =VLOOKUP($A13,Database!$A:$I,9,FALSE) -> Tunisie | I13: Monterrey | J13: Estadio BBVA
... A105: =ROW(B105)-1 -> 104 | B105: 46222 | C105: 0.875 | D105: =B105+C105 -> 46222.875 | E105: 9 | F105: Finale | G105: =VLOOKUP($A105,Database!$A:$I,8,FALSE) -> TBD | H105: =VLOOKUP($A105,Database!$A:$I,9,FALSE) -> TBD | I105: East Rutherford, New Jersey/New York | J105: MetLife Stadium

Sheet Phase_de_groupes
B2: =NOW() -> 46204.952
A3: Groupe | B3: Nation | C3: M | D3: V | E3: N | F3: D | G3: BP | H3: BC | I3: GA | J3: Pts | K3: #
A4: A | B4: Mexique | C4: =COUNTIFS(Database!H:H,B4,Database!G:G,"<="&$B$2)+COUNTIFS(Database!I:I,B4,Database!G:G,"<="&$B$2) -> 4 | D4: =COUNTIFS(Database!$H:$H,$B4,Database!$Y:$Y,$B4,Database!$G:$G,"<="&$B$2)+COUNTIFS(Database!$I:$I,$B4,Database!$Y:$Y,$B4,Database!$G:$G,"<="&$B$2) -> 4 | E4: =COUNTIFS(Database!$H:$H,$B4,Database!$Y:$Y,"=Nul",Database!$G:$G,"<="&$B$2)+COUNTIFS(Database!$I:$I,$B4,Database!$Y:$Y,"Nul",Database!$G:$G,"<="&$B$2) -> 0 | F4: =COUNTIFS(Database!$H:$H,$B4,Database!$Y:$Y,"<>"&$B4,Database!$Y:$Y,"<>Nul",Database!$G:$G,"<="&$B$2)+COUNTIFS(Database!$I:$I,$B4,Database!$Y:$Y,"<>"&$B4,Database!$Y:$Y,"<>Nul",Database!$G:$G,"<="&$B$2) -> 0 | G4: =SUMIF(Database!$H:$H,$B4,Database!T:T)+SUMIF(Database!I:I,$B4,Database!U:U) -> 8 | H4: =SUMIF(Database!$H:$H,$B4,Database!U:U)+SUMIF(Database!I:I,$B4,Database!T:T) -> 0 | I4: =G4-H4 -> 8 | J4: =D4*3+E4 -> 12 | K4: =IF(C4>0, _xlfn.RANK.EQ(J4,$J$4:$J$7,0) + COUNTIFS($J$4:$J$7,J4,$I$4:$I$7,">"&I4), "") -> 1
A5: A | B5: Afrique du Sud | C5: =COUNTIFS(Database!H:H,B5,Database!G:G,"<="&$B$2)+COUNTIFS(Database!I:I,B5,Database!G:G,"<="&$B$2) -> 4 | D5: =COUNTIFS(Database!$H:$H,$B5,Database!$Y:$Y,$B5,Database!$G:$G,"<="&$B$2)+COUNTIFS(Database!$I:$I,$B5,Database!$Y:$Y,$B5,Database!$G:$G,"<="&$B$2) -> 1 | E5: =COUNTIFS(Database!$H:$H,$B5,Database!$Y:$Y,"=Nul",Database!$G:$G,"<="&$B$2)+COUNTIFS(Database!$I:$I,$B5,Database!$Y:$Y,"Nul",Database!$G:$G,"<="&$B$2) -> 1 | F5: =COUNTIFS(Database!$H:$H,$B5,Database!$Y:$Y,"<>"&$B5,Database!$Y:$Y,"<>Nul",Database!$G:$G,"<="&$B$2)+COUNTIFS(Database!$I:$I,$B5,Database!$Y:$Y,"<>"&$B5,Database!$Y:$Y,"<>Nul",Database!$G:$G,"<="&$B$2) -> 2 | G5: =SUMIF(Database!$H:$H,$B5,Database!T:T)+SUMIF(Database!I:I,$B5,Database!U:U) -> 2 | H5: =SUMIF(Database!$H:$H,$B5,Database!U:U)+SUMIF(Database!I:I,$B5,Database!T:T) -> 4 | I5: =G5-H5 -> -2 | J5: =D5*3+E5 -> 4 | K5: =IF(C5>0, _xlfn.RANK.EQ(J5,$J$4:$J$7,0) + COUNTIFS($J$4:$J$7,J5,$I$4:$I$7,">"&I5), "") -> 2
A6: A | B6: Corée du Sud | C6: =COUNTIFS(Database!H:H,B6,Database!G:G,"<="&$B$2)+COUNTIFS(Database!I:I,B6,Database!G:G,"<="&$B$2) -> 3 | D6: =COUNTIFS(Database!$H:$H,$B6,Database!$Y:$Y,$B6,Database!$G:$G,"<="&$B$2)+COUNTIFS(Database!$I:$I,$B6,Database!$Y:$Y,$B6,Database!$G:$G,"<="&$B$2) -> 1 | E6: =COUNTIFS(Database!$H:$H,$B6,Database!$Y:$Y,"=Nul",Database!$G:$G,"<="&$B$2)+COUNTIFS(Database!$I:$I,$B6,Database!$Y:$Y,"Nul",Database!$G:$G,"<="&$B$2) -> 0 | F6: =COUNTIFS(Database!$H:$H,$B6,Database!$Y:$Y,"<>"&$B6,Database!$Y:$Y,"<>Nul",Database!$G:$G,"<="&$B$2)+COUNTIFS(Database!$I:$I,$B6,Database!$Y:$Y,"<>"&$B6,Database!$Y:$Y,"<>Nul",Database!$G:$G,"<="&$B$2) -> 2 | G6: =SUMIF(Database!$H:$H,$B6,Database!T:T)+SUMIF(Database!I:I,$B6,Database!U:U) -> 2 | H6: =SUMIF(Database!$H:$H,$B6,Database!U:U)+SUMIF(Database!I:I,$B6,Database!T:T) -> 3 | I6: =G6-H6 -> -1 | J6: =D6*3+E6 -> 3 | K6: =IF(C6>0, _xlfn.RANK.EQ(J6,$J$4:$J$7,0) + COUNTIFS($J$4:$J$7,J6,$I$4:$I$7,">"&I6), "") -> 3
A7: A | B7: Tchéquie | C7: =COUNTIFS(Database!H:H,B7,Database!G:G,"<="&$B$2)+COUNTIFS(Database!I:I,B7,Database!G:G,"<="&$B$2) -> 3 | D7: =COUNTIFS(Database!$H:$H,$B7,Database!$Y:$Y,$B7,Database!$G:$G,"<="&$B$2)+COUNTIFS(Database!$I:$I,$B7,Database!$Y:$Y,$B7,Database!$G:$G,"<="&$B$2) -> 0 | E7: =COUNTIFS(Database!$H:$H,$B7,Database!$Y:$Y,"=Nul",Database!$G:$G,"<="&$B$2)+COUNTIFS(Database!$I:$I,$B7,Database!$Y:$Y,"Nul",Database!$G:$G,"<="&$B$2) -> 1 | F7: =COUNTIFS(Database!$H:$H,$B7,Database!$Y:$Y,"<>"&$B7,Database!$Y:$Y,"<>Nul",Database!$G:$G,"<="&$B$2)+COUNTIFS(Database!$I:$I,$B7,Database!$Y:$Y,"<>"&$B7,Database!$Y:$Y,"<>Nul",Database!$G:$G,"<="&$B$2) -> 2 | G7: =SUMIF(Database!$H:$H,$B7,Database!T:T)+SUMIF(Database!I:I,$B7,Database!U:U) -> 2 | H7: =SUMIF(Database!$H:$H,$B7,Database!U:U)+SUMIF(Database!I:I,$B7,Database!T:T) -> 6 | I7: =G7-H7 -> -4 | J7: =D7*3+E7 -> 1 | K7: =IF(C7>0, _xlfn.RANK.EQ(J7,$J$4:$J$7,0) + COUNTIFS($J$4:$J$7,J7,$I$4:$I$7,">"&I7), "") -> 4
A8: B | B8: Suisse | C8: =COUNTIFS(Database!H:H,B8,Database!G:G,"<="&$B$2)+COUNTIFS(Database!I:I,B8,Database!G:G,"<="&$B$2) -> 3 | D8: =COUNTIFS(Database!$H:$H,$B8,Database!$Y:$Y,$B8,Database!$G:$G,"<="&$B$2)+COUNTIFS(Database!$I:$I,$B8,Database!$Y:$Y,$B8,Database!$G:$G,"<="&$B$2) -> 2 | E8: =COUNTIFS(Database!$H:$H,$B8,Database!$Y:$Y,"=Nul",Database!$G:$G,"<="&$B$2)+COUNTIFS(Database!$I:$I,$B8,Database!$Y:$Y,"Nul",Database!$G:$G,"<="&$B$2) -> 1 | F8: =COUNTIFS(Database!$H:$H,$B8,Database!$Y:$Y,"<>"&$B8,Database!$Y:$Y,"<>Nul",Database!$G:$G,"<="&$B$2)+COUNTIFS(Database!$I:$I,$B8,Database!$Y:$Y,"<>"&$B8,Database!$Y:$Y,"<>Nul",Database!$G:$G,"<="&$B$2) -> 0 | G8: =SUMIF(Database!$H:$H,$B8,Database!T:T)+SUMIF(Database!I:I,$B8,Database!U:U) -> 7 | H8: =SUMIF(Database!$H:$H,$B8,Database!U:U)+SUMIF(Database!I:I,$B8,Database!T:T) -> 3 | I8: =G8-H8 -> 4 | J8: =D8*3+E8 -> 7 | K8: =IF(C8>0, _xlfn.RANK.EQ(J8,$J$8:$J$11,0) + COUNTIFS($J$8:$J$11,J8,$I$8:$I$11,">"&I8), "") -> 2
A9: B | B9: Canada | C9: =COUNTIFS(Database!H:H,B9,Database!G:G,"<="&$B$2)+COUNTIFS(Database!I:I,B9,Database!G:G,"<="&$B$2) -> 4 | D9: =COUNTIFS(Database!$H:$H,$B9,Database!$Y:$Y,$B9,Database!$G:$G,"<="&$B$2)+COUNTIFS(Database!$I:$I,$B9,Database!$Y:$Y,$B9,Database!$G:$G,"<="&$B$2) -> 2 | E9: =COUNTIFS(Database!$H:$H,$B9,Database!$Y:$Y,"=Nul",Database!$G:$G,"<="&$B$2)+COUNTIFS(Database!$I:$I,$B9,Database!$Y:$Y,"Nul",Database!$G:$G,"<="&$B$2) -> 1 | F9: =COUNTIFS(Database!$H:$H,$B9,Database!$Y:$Y,"<>"&$B9,Database!$Y:$Y,"<>Nul",Database!$G:$G,"<="&$B$2)+COUNTIFS(Database!$I:$I,$B9,Database!$Y:$Y,"<>"&$B9,Database!$Y:$Y,"<>Nul",Database!$G:$G,"<="&$B$2) -> 1 | G9: =SUMIF(Database!$H:$H,$B9,Database!T:T)+SUMIF(Database!I:I,$B9,Database!U:U) -> 9 | H9: =SUMIF(Database!$H:$H,$B9,Database!U:U)+SUMIF(Database!I:I,$B9,Database!T:T) -> 3 | I9: =G9-H9 -> 6 | J9: =D9*3+E9 -> 7 | K9: =IF(C9>0, _xlfn.RANK.EQ(J9,$J$8:$J$11,0) + COUNTIFS($J$8:$J$11,J9,$I$8:$I$11,">"&I9), "") -> 1
A10: B | B10: Bosnie-Herzégovine | C10: =COUNTIFS(Database!H:H,B10,Database!G:G,"<="&$B$2)+COUNTIFS(Database!I:I,B10,Database!G:G,"<="&$B$2) -> 3 | D10: =COUNTIFS(Database!$H:$H,$B10,Database!$Y:$Y,$B10,Database!$G:$G,"<="&$B$2)+COUNTIFS(Database!$I:$I,$B10,Database!$Y:$Y,$B10,Database!$G:$G,"<="&$B$2) -> 1 | E10: =COUNTIFS(Database!$H:$H,$B10,Database!$Y:$Y,"=Nul",Database!$G:$G,"<="&$B$2)+COUNTIFS(Database!$I:$I,$B10,Database!$Y:$Y,"Nul",Database!$G:$G,"<="&$B$2) -> 1 | F10: =COUNTIFS(Database!$H:$H,$B10,Database!$Y:$Y,"<>"&$B10,Database!$Y:$Y,"<>Nul",Database!$G:$G,"<="&$B$2)+COUNTIFS(Database!$I:$I,$B10,Database!$Y:$Y,"<>"&$B10,Database!$Y:$Y,"<>Nul",Database!$G:$G,"<="&$B$2) -> 1 | G10: =SUMIF(Database!$H:$H,$B10,Database!T:T)+SUMIF(Database!I:I,$B10,Database!U:U) -> 5 | H10: =SUMIF(Database!$H:$H,$B10,Database!U:U)+SUMIF(Database!I:I,$B10,Database!T:T) -> 6 | I10: =G10-H10 -> -1 | J10: =D10*3+E10 -> 4 | K10: =IF(C10>0, _xlfn.RANK.EQ(J10,$J$8:$J$11,0) + COUNTIFS($J$8:$J$11,J10,$I$8:$I$11,">"&I10), "") -> 3
A11: B | B11: Qatar | C11: =COUNTIFS(Database!H:H,B11,Database!G:G,"<="&$B$2)+COUNTIFS(Database!I:I,B11,Database!G:G,"<="&$B$2) -> 3 | D11: =COUNTIFS(Database!$H:$H,$B11,Database!$Y:$Y,$B11,Database!$G:$G,"<="&$B$2)+COUNTIFS(Database!$I:$I,$B11,Database!$Y:$Y,$B11,Database!$G:$G,"<="&$B$2) -> 0 | E11: =COUNTIFS(Database!$H:$H,$B11,Database!$Y:$Y,"=Nul",Database!$G:$G,"<="&$B$2)+COUNTIFS(Database!$I:$I,$B11,Database!$Y:$Y,"Nul",Database!$G:$G,"<="&$B$2) -> 1 | F11: =COUNTIFS(Database!$H:$H,$B11,Database!$Y:$Y,"<>"&$B11,Database!$Y:$Y,"<>Nul",Database!$G:$G,"<="&$B$2)+COUNTIFS(Database!$I:$I,$B11,Database!$Y:$Y,"<>"&$B11,Database!$Y:$Y,"<>Nul",Database!$G:$G,"<="&$B$2) -> 2 | G11: =SUMIF(Database!$H:$H,$B11,Database!T:T)+SUMIF(Database!I:I,$B11,Database!U:U) -> 2 | H11: =SUMIF(Database!$H:$H,$B11,Database!U:U)+SUMIF(Database!I:I,$B11,Database!T:T) -> 10 | I11: =G11-H11 -> -8 | J11: =D11*3+E11 -> 1 | K11: =IF(C11>0, _xlfn.RANK.EQ(J11,$J$8:$J$11,0) + COUNTIFS($J$8:$J$11,J11,$I$8:$I$11,">"&I11), "") -> 4
A12: C | B12: Brésil | C12: =COUNTIFS(Database!H:H,B12,Database!G:G,"<="&$B$2)+COUNTIFS(Database!I:I,B12,Database!G:G,"<="&$B$2) -> 4 | D12: =COUNTIFS(Database!$H:$H,$B12,Database!$Y:$Y,$B12,Database!$G:$G,"<="&$B$2)+COUNTIFS(Database!$I:$I,$B12,Database!$Y:$Y,$B12,Database!$G:$G,"<="&$B$2) -> 3 | E12: =COUNTIFS(Database!$H:$H,$B12,Database!$Y:$Y,"=Nul",Database!$G:$G,"<="&$B$2)+COUNTIFS(Database!$I:$I,$B12,Database!$Y:$Y,"Nul",Database!$G:$G,"<="&$B$2) -> 1 | F12: =COUNTIFS(Database!$H:$H,$B12,Database!$Y:$Y,"<>"&$B12,Database!$Y:$Y,"<>Nul",Database!$G:$G,"<="&$B$2)+COUNTIFS(Database!$I:$I,$B12,Database!$Y:$Y,"<>"&$B12,Database!$Y:$Y,"<>Nul",Database!$G:$G,"<="&$B$2) -> 0 | G12: =SUMIF(Database!$H:$H,$B12,Database!T:T)+SUMIF(Database!I:I,$B12,Database!U:U) -> 9 | H12: =SUMIF(Database!$H:$H,$B12,Database!U:U)+SUMIF(Database!I:I,$B12,Database!T:T) -> 2 | I12: =G12-H12 -> 7 | J12: =D12*3+E12 -> 10 | K12: =IF(C12>0, _xlfn.RANK.EQ(J12,$J$12:$J$15,0) + COUNTIFS($J$12:$J$15,J12,$I$12:$I$15,">"&I12), "") -> 1
A13: C | B13: Maroc | C13: =COUNTIFS(Database!H:H,B13,Database!G:G,"<="&$B$2)+COUNTIFS(Database!I:I,B13,Database!G:G,"<="&$B$2) -> 4 | D13: =COUNTIFS(Database!$H:$H,$B13,Database!$Y:$Y,$B13,Database!$G:$G,"<="&$B$2)+COUNTIFS(Database!$I:$I,$B13,Database!$Y:$Y,$B13,Database!$G:$G,"<="&$B$2) -> 2 | E13: =COUNTIFS(Database!$H:$H,$B13,Database!$Y:$Y,"=Nul",Database!$G:$G,"<="&$B$2)+COUNTIFS(Database!$I:$I,$B13,Database!$Y:$Y,"Nul",Database!$G:$G,"<="&$B$2) -> 2 | F13: =COUNTIFS(Database!$H:$H,$B13,Database!$Y:$Y,"<>"&$B13,Database!$Y:$Y,"<>Nul",Database!$G:$G,"<="&$B$2)+COUNTIFS(Database!$I:$I,$B13,Database!$Y:$Y,"<>"&$B13,Database!$Y:$Y,"<>Nul",Database!$G:$G,"<="&$B$2) -> 0 | G13: =SUMIF(Database!$H:$H,$B13,Database!T:T)+SUMIF(Database!I:I,$B13,Database!U:U) -> 7 | H13: =SUMIF(Database!$H:$H,$B13,Database!U:U)+SUMIF(Database!I:I,$B13,Database!T:T) -> 4 | I13: =G13-H13 -> 3 | J13: =D13*3+E13 -> 8 | K13: =IF(C8>0, _xlfn.RANK.EQ(J13,$J$12:$J$15,0) + COUNTIFS($J$12:$J$15,J13,$I$12:$I$15,">"&I13), "") -> 2
A14: C | B14: Ecosse | C14: =COUNTIFS(Database!H:H,B14,Database!G:G,"<="&$B$2)+COUNTIFS(Database!I:I,B14,Database!G:G,"<="&$B$2) -> 3 | D14: =COUNTIFS(Database!$H:$H,$B14,Database!$Y:$Y,$B14,Database!$G:$G,"<="&$B$2)+COUNTIFS(Database!$I:$I,$B14,Database!$Y:$Y,$B14,Database!$G:$G,"<="&$B$2) -> 1 | E14: =COUNTIFS(Database!$H:$H,$B14,Database!$Y:$Y,"=Nul",Database!$G:$G,"<="&$B$2)+COUNTIFS(Database!$I:$I,$B14,Database!$Y:$Y,"Nul",Database!$G:$G,"<="&$B$2) -> 0 | F14: =COUNTIFS(Database!$H:$H,$B14,Database!$Y:$Y,"<>"&$B14,Database!$Y:$Y,"<>Nul",Database!$G:$G,"<="&$B$2)+COUNTIFS(Database!$I:$I,$B14,Database!$Y:$Y,"<>"&$B14,Database!$Y:$Y,"<>Nul",Database!$G:$G,"<="&$B$2) -> 2 | G14: =SUMIF(Database!$H:$H,$B14,Database!T:T)+SUMIF(Database!I:I,$B14,Database!U:U) -> 1 | H14: =SUMIF(Database!$H:$H,$B14,Database!U:U)+SUMIF(Database!I:I,$B14,Database!T:T) -> 4 | I14: =G14-H14 -> -3 | J14: =D14*3+E14 -> 3 | K14: =IF(C9>0, _xlfn.RANK.EQ(J14,$J$12:$J$15,0) + COUNTIFS($J$12:$J$15,J14,$I$12:$I$15,">"&I14), "") -> 3
A15: C | B15: Haïti | C15: =COUNTIFS(Database!H:H,B15,Database!G:G,"<="&$B$2)+COUNTIFS(Database!I:I,B15,Database!G:G,"<="&$B$2) -> 3 | D15: =COUNTIFS(Database!$H:$H,$B15,Database!$Y:$Y,$B15,Database!$G:$G,"<="&$B$2)+COUNTIFS(Database!$I:$I,$B15,Database!$Y:$Y,$B15,Database!$G:$G,"<="&$B$2) -> 0 | E15: =COUNTIFS(Database!$H:$H,$B15,Database!$Y:$Y,"=Nul",Database!$G:$G,"<="&$B$2)+COUNTIFS(Database!$I:$I,$B15,Database!$Y:$Y,"Nul",Database!$G:$G,"<="&$B$2) -> 0 | F15: =COUNTIFS(Database!$H:$H,$B15,Database!$Y:$Y,"<>"&$B15,Database!$Y:$Y,"<>Nul",Database!$G:$G,"<="&$B$2)+COUNTIFS(Database!$I:$I,$B15,Database!$Y:$Y,"<>"&$B15,Database!$Y:$Y,"<>Nul",Database!$G:$G,"<="&$B$2) -> 3 | G15: =SUMIF(Database!$H:$H,$B15,Database!T:T)+SUMIF(Database!I:I,$B15,Database!U:U) -> 2 | H15: =SUMIF(Database!$H:$H,$B15,Database!U:U)+SUMIF(Database!I:I,$B15,Database!T:T) -> 8 | I15: =G15-H15 -> -6 | J15: =D15*3+E15 -> 0 | K15: =IF(C10>0, _xlfn.RANK.EQ(J15,$J$12:$J$15,0) + COUNTIFS($J$12:$J$15,J15,$I$12:$I$15,">"&I15), "") -> 4
A16: D | B16: Etats-Unis | C16: =COUNTIFS(Database!H:H,B16,Database!G:G,"<="&$B$2)+COUNTIFS(Database!I:I,B16,Database!G:G,"<="&$B$2) -> 3 | D16: =COUNTIFS(Database!$H:$H,$B16,Database!$Y:$Y,$B16,Database!$G:$G,"<="&$B$2)+COUNTIFS(Database!$I:$I,$B16,Database!$Y:$Y,$B16,Database!$G:$G,"<="&$B$2) -> 2 | E16: =COUNTIFS(Database!$H:$H,$B16,Database!$Y:$Y,"=Nul",Database!$G:$G,"<="&$B$2)+COUNTIFS(Database!$I:$I,$B16,Database!$Y:$Y,"Nul",Database!$G:$G,"<="&$B$2) -> 0 | F16: =COUNTIFS(Database!$H:$H,$B16,Database!$Y:$Y,"<>"&$B16,Database!$Y:$Y,"<>Nul",Database!$G:$G,"<="&$B$2)+COUNTIFS(Database!$I:$I,$B16,Database!$Y:$Y,"<>"&$B16,Database!$Y:$Y,"<>Nul",Database!$G:$G,"<="&$B$2) -> 1 | G16: =SUMIF(Database!$H:$H,$B16,Database!T:T)+SUMIF(Database!I:I,$B16,Database!U:U) -> 8 | H16: =SUMIF(Database!$H:$H,$B16,Database!U:U)+SUMIF(Database!I:I,$B16,Database!T:T) -> 4 | I16: =G16-H16 -> 4 | J16: =D16*3+E16 -> 6 | K16: =IF(C16>0, _xlfn.RANK.EQ(J16,$J$16:$J$19,0) + COUNTIFS($J$16:$J$19,J16,$I$16:$I$19,">"&I16), "") -> 1
A17: D | B17: Australie | C17: =COUNTIFS(Database!H:H,B17,Database!G:G,"<="&$B$2)+COUNTIFS(Database!I:I,B17,Database!G:G,"<="&$B$2) -> 3 | D17: =COUNTIFS(Database!$H:$H,$B17,Database!$Y:$Y,$B17,Database!$G:$G,"<="&$B$2)+COUNTIFS(Database!$I:$I,$B17,Database!$Y:$Y,$B17,Database!$G:$G,"<="&$B$2) -> 1 | E17: =COUNTIFS(Database!$H:$H,$B17,Database!$Y:$Y,"=Nul",Database!$G:$G,"<="&$B$2)+COUNTIFS(Database!$I:$I,$B17,Database!$Y:$Y,"Nul",Database!$G:$G,"<="&$B$2) -> 1 | F17: =COUNTIFS(Database!$H:$H,$B17,Database!$Y:$Y,"<>"&$B17,Database!$Y:$Y,"<>Nul",Database!$G:$G,"<="&$B$2)+COUNTIFS(Database!$I:$I,$B17,Database!$Y:$Y,"<>"&$B17,Database!$Y:$Y,"<>Nul",Database!$G:$G,"<="&$B$2) -> 1 | G17: =SUMIF(Database!$H:$H,$B17,Database!T:T)+SUMIF(Database!I:I,$B17,Database!U:U) -> 2 | H17: =SUMIF(Database!$H:$H,$B17,Database!U:U)+SUMIF(Database!I:I,$B17,Database!T:T) -> 2 | I17: =G17-H17 -> 0 | J17: =D17*3+E17 -> 4 | K17: =IF(C17>0, _xlfn.RANK.EQ(J17,$J$16:$J$19,0) + COUNTIFS($J$16:$J$19,J17,$I$16:$I$19,">"&I17), "") -> 3
A18: D | B18: Paraguay | C18: =COUNTIFS(Database!H:H,B18,Database!G:G,"<="&$B$2)+COUNTIFS(Database!I:I,B18,Database!G:G,"<="&$B$2) -> 4 | D18: =COUNTIFS(Database!$H:$H,$B18,Database!$Y:$Y,$B18,Database!$G:$G,"<="&$B$2)+COUNTIFS(Database!$I:$I,$B18,Database!$Y:$Y,$B18,Database!$G:$G,"<="&$B$2) -> 1 | E18: =COUNTIFS(Database!$H:$H,$B18,Database!$Y:$Y,"=Nul",Database!$G:$G,"<="&$B$2)+COUNTIFS(Database!$I:$I,$B18,Database!$Y:$Y,"Nul",Database!$G:$G,"<="&$B$2) -> 2 | F18: =COUNTIFS(Database!$H:$H,$B18,Database!$Y:$Y,"<>"&$B18,Database!$Y:$Y,"<>Nul",Database!$G:$G,"<="&$B$2)+COUNTIFS(Database!$I:$I,$B18,Database!$Y:$Y,"<>"&$B18,Database!$Y:$Y,"<>Nul",Database!$G:$G,"<="&$B$2) -> 1 | G18: =SUMIF(Database!$H:$H,$B18,Database!T:T)+SUMIF(Database!I:I,$B18,Database!U:U) -> 3 | H18: =SUMIF(Database!$H:$H,$B18,Database!U:U)+SUMIF(Database!I:I,$B18,Database!T:T) -> 5 | I18: =G18-H18 -> -2 | J18: =D18*3+E18 -> 5 | K18: =IF(C18>0, _xlfn.RANK.EQ(J18,$J$16:$J$19,0) + COUNTIFS($J$16:$J$19,J18,$I$16:$I$19,">"&I18), "") -> 2
A19: D | B19: Turquie | C19: =COUNTIFS(Database!H:H,B19,Database!G:G,"<="&$B$2)+COUNTIFS(Database!I:I,B19,Database!G:G,"<="&$B$2) -> 3 | D19: =COUNTIFS(Database!$H:$H,$B19,Database!$Y:$Y,$B19,Database!$G:$G,"<="&$B$2)+COUNTIFS(Database!$I:$I,$B19,Database!$Y:$Y,$B19,Database!$G:$G,"<="&$B$2) -> 1 | E19: =COUNTIFS(Database!$H:$H,$B19,Database!$Y:$Y,"=Nul",Database!$G:$G,"<="&$B$2)+COUNTIFS(Database!$I:$I,$B19,Database!$Y:$Y,"Nul",Database!$G:$G,"<="&$B$2) -> 0 | F19: =COUNTIFS(Database!$H:$H,$B19,Database!$Y:$Y,"<>"&$B19,Database!$Y:$Y,"<>Nul",Database!$G:$G,"<="&$B$2)+COUNTIFS(Database!$I:$I,$B19,Database!$Y:$Y,"<>"&$B19,Database!$Y:$Y,"<>Nul",Database!$G:$G,"<="&$B$2) -> 2 | G19: =SUMIF(Database!$H:$H,$B19,Database!T:T)+SUMIF(Database!I:I,$B19,Database!U:U) -> 3 | H19: =SUMIF(Database!$H:$H,$B19,Database!U:U)+SUMIF(Database!I:I,$B19,Database!T:T) -> 5 | I19: =G19-H19 -> -2 | J19: =D19*3+E19 -> 3 | K19: =IF(C19>0, _xlfn.RANK.EQ(J19,$J$16:$J$19,0) + COUNTIFS($J$16:$J$19,J19,$I$16:$I$19,">"&I19), "") -> 4
A20: E | B20: Allemagne | C20: =COUNTIFS(Database!H:H,B20,Database!G:G,"<="&$B$2)+COUNTIFS(Database!I:I,B20,Database!G:G,"<="&$B$2) -> 4 | D20: =COUNTIFS(Database!$H:$H,$B20,Database!$Y:$Y,$B20,Database!$G:$G,"<="&$B$2)+COUNTIFS(Database!$I:$I,$B20,Database!$Y:$Y,$B20,Database!$G:$G,"<="&$B$2) -> 2 | E20: =COUNTIFS(Database!$H:$H,$B20,Database!$Y:$Y,"=Nul",Database!$G:$G,"<="&$B$2)+COUNTIFS(Database!$I:$I,$B20,Database!$Y:$Y,"Nul",Database!$G:$G,"<="&$B$2) -> 1 | F20: =COUNTIFS(Database!$H:$H,$B20,Database!$Y:$Y,"<>"&$B20,Database!$Y:$Y,"<>Nul",Database!$G:$G,"<="&$B$2)+COUNTIFS(Database!$I:$I,$B20,Database!$Y:$Y,"<>"&$B20,Database!$Y:$Y,"<>Nul",Database!$G:$G,"<="&$B$2) -> 1 | G20: =SUMIF(Database!$H:$H,$B20,Database!T:T)+SUMIF(Database!I:I,$B20,Database!U:U) -> 11 | H20: =SUMIF(Database!$H:$H,$B20,Database!U:U)+SUMIF(Database!I:I,$B20,Database!T:T) -> 5 | I20: =G20-H20 -> 6 | J20: =D20*3+E20 -> 7 | K20: =IF(C20>0, _xlfn.RANK.EQ(J20,$J$20:$J$23,0) + COUNTIFS($J$20:$J$23,J20,$I$20:$I$23,">"&I20), "") -> 1
A21: E | B21: Côte d'Ivoire | C21: =COUNTIFS(Database!H:H,B21,Database!G:G,"<="&$B$2)+COUNTIFS(Database!I:I,B21,Database!G:G,"<="&$B$2) -> 4 | D21: =COUNTIFS(Database!$H:$H,$B21,Database!$Y:$Y,$B21,Database!$G:$G,"<="&$B$2)+COUNTIFS(Database!$I:$I,$B21,Database!$Y:$Y,$B21,Database!$G:$G,"<="&$B$2) -> 2 | E21: =COUNTIFS(Database!$H:$H,$B21,Database!$Y:$Y,"=Nul",Database!$G:$G,"<="&$B$2)+COUNTIFS(Database!$I:$I,$B21,Database!$Y:$Y,"Nul",Database!$G:$G,"<="&$B$2) -> 0 | F21: =COUNTIFS(Database!$H:$H,$B21,Database!$Y:$Y,"<>"&$B21,Database!$Y:$Y,"<>Nul",Database!$G:$G,"<="&$B$2)+COUNTIFS(Database!$I:$I,$B21,Database!$Y:$Y,"<>"&$B21,Database!$Y:$Y,"<>Nul",Database!$G:$G,"<="&$B$2) -> 2 | G21: =SUMIF(Database!$H:$H,$B21,Database!T:T)+SUMIF(Database!I:I,$B21,Database!U:U) -> 5 | H21: =SUMIF(Database!$H:$H,$B21,Database!U:U)+SUMIF(Database!I:I,$B21,Database!T:T) -> 4 | I21: =G21-H21 -> 1 | J21: =D21*3+E21 -> 6 | K21: =IF(C21>0, _xlfn.RANK.EQ(J21,$J$20:$J$23,0) + COUNTIFS($J$20:$J$23,J21,$I$20:$I$23,">"&I21), "") -> 2
A22: E | B22: Equateur | C22: =COUNTIFS(Database!H:H,B22,Database!G:G,"<="&$B$2)+COUNTIFS(Database!I:I,B22,Database!G:G,"<="&$B$2) -> 4 | D22: =COUNTIFS(Database!$H:$H,$B22,Database!$Y:$Y,$B22,Database!$G:$G,"<="&$B$2)+COUNTIFS(Database!$I:$I,$B22,Database!$Y:$Y,$B22,Database!$G:$G,"<="&$B$2) -> 1 | E22: =COUNTIFS(Database!$H:$H,$B22,Database!$Y:$Y,"=Nul",Database!$G:$G,"<="&$B$2)+COUNTIFS(Database!$I:$I,$B22,Database!$Y:$Y,"Nul",Database!$G:$G,"<="&$B$2) -> 1 | F22: =COUNTIFS(Database!$H:$H,$B22,Database!$Y:$Y,"<>"&$B22,Database!$Y:$Y,"<>Nul",Database!$G:$G,"<="&$B$2)+COUNTIFS(Database!$I:$I,$B22,Database!$Y:$Y,"<>"&$B22,Database!$Y:$Y,"<>Nul",Database!$G:$G,"<="&$B$2) -> 2 | G22: =SUMIF(Database!$H:$H,$B22,Database!T:T)+SUMIF(Database!I:I,$B22,Database!U:U) -> 2 | H22: =SUMIF(Database!$H:$H,$B22,Database!U:U)+SUMIF(Database!I:I,$B22,Database!T:T) -> 4 | I22: =G22-H22 -> -2 | J22: =D22*3+E22 -> 4 | K22: =IF(C22>0, _xlfn.RANK.EQ(J22,$J$20:$J$23,0) + COUNTIFS($J$20:$J$23,J22,$I$20:$I$23,">"&I22), "") -> 3
A23: E | B23: Curaçao | C23: =COUNTIFS(Database!H:H,B23,Database!G:G,"<="&$B$2)+COUNTIFS(Database!I:I,B23,Database!G:G,"<="&$B$2) -> 3 | D23: =COUNTIFS(Database!$H:$H,$B23,Database!$Y:$Y,$B23,Database!$G:$G,"<="&$B$2)+COUNTIFS(Database!$I:$I,$B23,Database!$Y:$Y,$B23,Database!$G:$G,"<="&$B$2) -> 0 | E23: =COUNTIFS(Database!$H:$H,$B23,Database!$Y:$Y,"=Nul",Database!$G:$G,"<="&$B$2)+COUNTIFS(Database!$I:$I,$B23,Database!$Y:$Y,"Nul",Database!$G:$G,"<="&$B$2) -> 1 | F23: =COUNTIFS(Database!$H:$H,$B23,Database!$Y:$Y,"<>"&$B23,Database!$Y:$Y,"<>Nul",Database!$G:$G,"<="&$B$2)+COUNTIFS(Database!$I:$I,$B23,Database!$Y:$Y,"<>"&$B23,Database!$Y:$Y,"<>Nul",Database!$G:$G,"<="&$B$2) -> 2 | G23: =SUMIF(Database!$H:$H,$B23,Database!T:T)+SUMIF(Database!I:I,$B23,Database!U:U) -> 1 | H23: =SUMIF(Database!$H:$H,$B23,Database!U:U)+SUMIF(Database!I:I,$B23,Database!T:T) -> 9 | I23: =G23-H23 -> -8 | J23: =D23*3+E23 -> 1 | K23: =IF(C23>0, _xlfn.RANK.EQ(J23,$J$20:$J$23,0) + COUNTIFS($J$20:$J$23,J23,$I$20:$I$23,">"&I23), "") -> 4
A24: F | B24: Pays-Bas | C24: =COUNTIFS(Database!H:H,B24,Database!G:G,"<="&$B$2)+COUNTIFS(Database!I:I,B24,Database!G:G,"<="&$B$2) -> 4 | D24: =COUNTIFS(Database!$H:$H,$B24,Database!$Y:$Y,$B24,Database!$G:$G,"<="&$B$2)+COUNTIFS(Database!$I:$I,$B24,Database!$Y:$Y,$B24,Database!$G:$G,"<="&$B$2) -> 2 | E24: =COUNTIFS(Database!$H:$H,$B24,Database!$Y:$Y,"=Nul",Database!$G:$G,"<="&$B$2)+COUNTIFS(Database!$I:$I,$B24,Database!$Y:$Y,"Nul",Database!$G:$G,"<="&$B$2) -> 2 | F24: =COUNTIFS(Database!$H:$H,$B24,Database!$Y:$Y,"<>"&$B24,Database!$Y:$Y,"<>Nul",Database!$G:$G,"<="&$B$2)+COUNTIFS(Database!$I:$I,$B24,Database!$Y:$Y,"<>"&$B24,Database!$Y:$Y,"<>Nul",Database!$G:$G,"<="&$B$2) -> 0 | G24: =SUMIF(Database!$H:$H,$B24,Database!T:T)+SUMIF(Database!I:I,$B24,Database!U:U) -> 11 | H24: =SUMIF(Database!$H:$H,$B24,Database!U:U)+SUMIF(Database!I:I,$B24,Database!T:T) -> 5 | I24: =G24-H24 -> 6 | J24: =D24*3+E24 -> 8 | K24: =IF(C24>0, _xlfn.RANK.EQ(J24,$J$24:$J$27,0) + COUNTIFS($J$24:$J$27,J24,$I$24:$I$27,">"&I24), "") -> 1
A25: F | B25: Japon | C25: =COUNTIFS(Database!H:H,B25,Database!G:G,"<="&$B$2)+COUNTIFS(Database!I:I,B25,Database!G:G,"<="&$B$2) -> 4 | D25: =COUNTIFS(Database!$H:$H,$B25,Database!$Y:$Y,$B25,Database!$G:$G,"<="&$B$2)+COUNTIFS(Database!$I:$I,$B25,Database!$Y:$Y,$B25,Database!$G:$G,"<="&$B$2) -> 1 | E25: =COUNTIFS(Database!$H:$H,$B25,Database!$Y:$Y,"=Nul",Database!$G:$G,"<="&$B$2)+COUNTIFS(Database!$I:$I,$B25,Database!$Y:$Y,"Nul",Database!$G:$G,"<="&$B$2) -> 2 | F25: =COUNTIFS(Database!$H:$H,$B25,Database!$Y:$Y,"<>"&$B25,Database!$Y:$Y,"<>Nul",Database!$G:$G,"<="&$B$2)+COUNTIFS(Database!$I:$I,$B25,Database!$Y:$Y,"<>"&$B25,Database!$Y:$Y,"<>Nul",Database!$G:$G,"<="&$B$2) -> 1 | G25: =SUMIF(Database!$H:$H,$B25,Database!T:T)+SUMIF(Database!I:I,$B25,Database!U:U) -> 8 | H25: =SUMIF(Database!$H:$H,$B25,Database!U:U)+SUMIF(Database!I:I,$B25,Database!T:T) -> 5 | I25: =G25-H25 -> 3 | J25: =D25*3+E25 -> 5 | K25: =IF(C25>0, _xlfn.RANK.EQ(J25,$J$24:$J$27,0) + COUNTIFS($J$24:$J$27,J25,$I$24:$I$27,">"&I25), "") -> 2
A26: F | B26: Suède | C26: =COUNTIFS(Database!H:H,B26,Database!G:G,"<="&$B$2)+COUNTIFS(Database!I:I,B26,Database!G:G,"<="&$B$2) -> 4 | D26: =COUNTIFS(Database!$H:$H,$B26,Database!$Y:$Y,$B26,Database!$G:$G,"<="&$B$2)+COUNTIFS(Database!$I:$I,$B26,Database!$Y:$Y,$B26,Database!$G:$G,"<="&$B$2) -> 1 | E26: =COUNTIFS(Database!$H:$H,$B26,Database!$Y:$Y,"=Nul",Database!$G:$G,"<="&$B$2)+COUNTIFS(Database!$I:$I,$B26,Database!$Y:$Y,"Nul",Database!$G:$G,"<="&$B$2) -> 1 | F26: =COUNTIFS(Database!$H:$H,$B26,Database!$Y:$Y,"<>"&$B26,Database!$Y:$Y,"<>Nul",Database!$G:$G,"<="&$B$2)+COUNTIFS(Database!$I:$I,$B26,Database!$Y:$Y,"<>"&$B26,Database!$Y:$Y,"<>Nul",Database!$G:$G,"<="&$B$2) -> 2 | G26: =SUMIF(Database!$H:$H,$B26,Database!T:T)+SUMIF(Database!I:I,$B26,Database!U:U) -> 7 | H26: =SUMIF(Database!$H:$H,$B26,Database!U:U)+SUMIF(Database!I:I,$B26,Database!T:T) -> 10 | I26: =G26-H26 -> -3 | J26: =D26*3+E26 -> 4 | K26: =IF(C26>0, _xlfn.RANK.EQ(J26,$J$24:$J$27,0) + COUNTIFS($J$24:$J$27,J26,$I$24:$I$27,">"&I26), "") -> 3
A27: F | B27: Tunisie | C27: =COUNTIFS(Database!H:H,B27,Database!G:G,"<="&$B$2)+COUNTIFS(Database!I:I,B27,Database!G:G,"<="&$B$2) -> 3 | D27: =COUNTIFS(Database!$H:$H,$B27,Database!$Y:$Y,$B27,Database!$G:$G,"<="&$B$2)+COUNTIFS(Database!$I:$I,$B27,Database!$Y:$Y,$B27,Database!$G:$G,"<="&$B$2) -> 0 | E27: =COUNTIFS(Database!$H:$H,$B27,Database!$Y:$Y,"=Nul",Database!$G:$G,"<="&$B$2)+COUNTIFS(Database!$I:$I,$B27,Database!$Y:$Y,"Nul",Database!$G:$G,"<="&$B$2) -> 0 | F27: =COUNTIFS(Database!$H:$H,$B27,Database!$Y:$Y,"<>"&$B27,Database!$Y:$Y,"<>Nul",Database!$G:$G,"<="&$B$2)+COUNTIFS(Database!$I:$I,$B27,Database!$Y:$Y,"<>"&$B27,Database!$Y:$Y,"<>Nul",Database!$G:$G,"<="&$B$2) -> 3 | G27: =SUMIF(Database!$H:$H,$B27,Database!T:T)+SUMIF(Database!I:I,$B27,Database!U:U) -> 2 | H27: =SUMIF(Database!$H:$H,$B27,Database!U:U)+SUMIF(Database!I:I,$B27,Database!T:T) -> 12 | I27: =G27-H27 -> -10 | J27: =D27*3+E27 -> 0 | K27: =IF(C27>0, _xlfn.RANK.EQ(J27,$J$24:$J$27,0) + COUNTIFS($J$24:$J$27,J27,$I$24:$I$27,">"&I27), "") -> 4
A28: G | B28: Egypte | C28: =COUNTIFS(Database!H:H,B28,Database!G:G,"<="&$B$2)+COUNTIFS(Database!I:I,B28,Database!G:G,"<="&$B$2) -> 3 | D28: =COUNTIFS(Database!$H:$H,$B28,Database!$Y:$Y,$B28,Database!$G:$G,"<="&$B$2)+COUNTIFS(Database!$I:$I,$B28,Database!$Y:$Y,$B28,Database!$G:$G,"<="&$B$2) -> 1 | E28: =COUNTIFS(Database!$H:$H,$B28,Database!$Y:$Y,"=Nul",Database!$G:$G,"<="&$B$2)+COUNTIFS(Database!$I:$I,$B28,Database!$Y:$Y,"Nul",Database!$G:$G,"<="&$B$2) -> 2 | F28: =COUNTIFS(Database!$H:$H,$B28,Database!$Y:$Y,"<>"&$B28,Database!$Y:$Y,"<>Nul",Database!$G:$G,"<="&$B$2)+COUNTIFS(Database!$I:$I,$B28,Database!$Y:$Y,"<>"&$B28,Database!$Y:$Y,"<>Nul",Database!$G:$G,"<="&$B$2) -> 0 | G28: =SUMIF(Database!$H:$H,$B28,Database!T:T)+SUMIF(Database!I:I,$B28,Database!U:U) -> 5 | H28: =SUMIF(Database!$H:$H,$B28,Database!U:U)+SUMIF(Database!I:I,$B28,Database!T:T) -> 3 | I28: =G28-H28 -> 2 | J28: =D28*3+E28 -> 5 | K28: =IF(C28>0, _xlfn.RANK.EQ(J28,$J$28:$J$31,0) + COUNTIFS($J$28:$J$31,J28,$I$28:$I$31,">"&I28), "") -> 2
A29: G | B29: Belgique | C29: =COUNTIFS(Database!H:H,B29,Database!G:G,"<="&$B$2)+COUNTIFS(Database!I:I,B29,Database!G:G,"<="&$B$2) -> 4 | D29: =COUNTIFS(Database!$H:$H,$B29,Database!$Y:$Y,$B29,Database!$G:$G,"<="&$B$2)+COUNTIFS(Database!$I:$I,$B29,Database!$Y:$Y,$B29,Database!$G:$G,"<="&$B$2) -> 1 | E29: =COUNTIFS(Database!$H:$H,$B29,Database!$Y:$Y,"=Nul",Database!$G:$G,"<="&$B$2)+COUNTIFS(Database!$I:$I,$B29,Database!$Y:$Y,"Nul",Database!$G:$G,"<="&$B$2) -> 2 | F29: =COUNTIFS(Database!$H:$H,$B29,Database!$Y:$Y,"<>"&$B29,Database!$Y:$Y,"<>Nul",Database!$G:$G,"<="&$B$2)+COUNTIFS(Database!$I:$I,$B29,Database!$Y:$Y,"<>"&$B29,Database!$Y:$Y,"<>Nul",Database!$G:$G,"<="&$B$2) -> 1 | G29: =SUMIF(Database!$H:$H,$B29,Database!T:T)+SUMIF(Database!I:I,$B29,Database!U:U) -> 6 | H29: =SUMIF(Database!$H:$H,$B29,Database!U:U)+SUMIF(Database!I:I,$B29,Database!T:T) -> 3 | I29: =G29-H29 -> 3 | J29: =D29*3+E29 -> 5 | K29: =IF(C29>0, _xlfn.RANK.EQ(J29,$J$28:$J$31,0) + COUNTIFS($J$28:$J$31,J29,$I$28:$I$31,">"&I29), "") -> 1
A30: G | B30: Iran | C30: =COUNTIFS(Database!H:H,B30,Database!G:G,"<="&$B$2)+COUNTIFS(Database!I:I,B30,Database!G:G,"<="&$B$2) -> 3 | D30: =COUNTIFS(Database!$H:$H,$B30,Database!$Y:$Y,$B30,Database!$G:$G,"<="&$B$2)+COUNTIFS(Database!$I:$I,$B30,Database!$Y:$Y,$B30,Database!$G:$G,"<="&$B$2) -> 0 | E30: =COUNTIFS(Database!$H:$H,$B30,Database!$Y:$Y,"=Nul",Database!$G:$G,"<="&$B$2)+COUNTIFS(Database!$I:$I,$B30,Database!$Y:$Y,"Nul",Database!$G:$G,"<="&$B$2) -> 3 | F30: =COUNTIFS(Database!$H:$H,$B30,Database!$Y:$Y,"<>"&$B30,Database!$Y:$Y,"<>Nul",Database!$G:$G,"<="&$B$2)+COUNTIFS(Database!$I:$I,$B30,Database!$Y:$Y,"<>"&$B30,Database!$Y:$Y,"<>Nul",Database!$G:$G,"<="&$B$2) -> 0 | G30: =SUMIF(Database!$H:$H,$B30,Database!T:T)+SUMIF(Database!I:I,$B30,Database!U:U) -> 3 | H30: =SUMIF(Database!$H:$H,$B30,Database!U:U)+SUMIF(Database!I:I,$B30,Database!T:T) -> 3 | I30: =G30-H30 -> 0 | J30: =D30*3+E30 -> 3 | K30: =IF(C30>0, _xlfn.RANK.EQ(J30,$J$28:$J$31,0) + COUNTIFS($J$28:$J$31,J30,$I$28:$I$31,">"&I30), "") -> 3
A31: G | B31: Nouvelle-Zélande | C31: =COUNTIFS(Database!H:H,B31,Database!G:G,"<="&$B$2)+COUNTIFS(Database!I:I,B31,Database!G:G,"<="&$B$2) -> 3 | D31: =COUNTIFS(Database!$H:$H,$B31,Database!$Y:$Y,$B31,Database!$G:$G,"<="&$B$2)+COUNTIFS(Database!$I:$I,$B31,Database!$Y:$Y,$B31,Database!$G:$G,"<="&$B$2) -> 0 | E31: =COUNTIFS(Database!$H:$H,$B31,Database!$Y:$Y,"=Nul",Database!$G:$G,"<="&$B$2)+COUNTIFS(Database!$I:$I,$B31,Database!$Y:$Y,"Nul",Database!$G:$G,"<="&$B$2) -> 1 | F31: =COUNTIFS(Database!$H:$H,$B31,Database!$Y:$Y,"<>"&$B31,Database!$Y:$Y,"<>Nul",Database!$G:$G,"<="&$B$2)+COUNTIFS(Database!$I:$I,$B31,Database!$Y:$Y,"<>"&$B31,Database!$Y:$Y,"<>Nul",Database!$G:$G,"<="&$B$2) -> 2 | G31: =SUMIF(Database!$H:$H,$B31,Database!T:T)+SUMIF(Database!I:I,$B31,Database!U:U) -> 4 | H31: =SUMIF(Database!$H:$H,$B31,Database!U:U)+SUMIF(Database!I:I,$B31,Database!T:T) -> 10 | I31: =G31-H31 -> -6 | J31: =D31*3+E31 -> 1 | K31: =IF(C31>0, _xlfn.RANK.EQ(J31,$J$28:$J$31,0) + COUNTIFS($J$28:$J$31,J31,$I$28:$I$31,">"&I31), "") -> 4
A32: H | B32: Espagne | C32: =COUNTIFS(Database!H:H,B32,Database!G:G,"<="&$B$2)+COUNTIFS(Database!I:I,B32,Database!G:G,"<="&$B$2) -> 3 | D32: =COUNTIFS(Database!$H:$H,$B32,Database!$Y:$Y,$B32,Database!$G:$G,"<="&$B$2)+COUNTIFS(Database!$I:$I,$B32,Database!$Y:$Y,$B32,Database!$G:$G,"<="&$B$2) -> 2 | E32: =COUNTIFS(Database!$H:$H,$B32,Database!$Y:$Y,"=Nul",Database!$G:$G,"<="&$B$2)+COUNTIFS(Database!$I:$I,$B32,Database!$Y:$Y,"Nul",Database!$G:$G,"<="&$B$2) -> 1 | F32: =COUNTIFS(Database!$H:$H,$B32,Database!$Y:$Y,"<>"&$B32,Database!$Y:$Y,"<>Nul",Database!$G:$G,"<="&$B$2)+COUNTIFS(Database!$I:$I,$B32,Database!$Y:$Y,"<>"&$B32,Database!$Y:$Y,"<>Nul",Database!$G:$G,"<="&$B$2) -> 0 | G32: =SUMIF(Database!$H:$H,$B32,Database!T:T)+SUMIF(Database!I:I,$B32,Database!U:U) -> 5 | H32: =SUMIF(Database!$H:$H,$B32,Database!U:U)+SUMIF(Database!I:I,$B32,Database!T:T) -> 0 | I32: =G32-H32 -> 5 | J32: =D32*3+E32 -> 7 | K32: =IF(C32>0, _xlfn.RANK.EQ(J32,$J$32:$J$35,0) + COUNTIFS($J$32:$J$35,J32,$I$32:$I$35,">"&I32), "") -> 1
A33: H | B33: Cap-Vert | C33: =COUNTIFS(Database!H:H,B33,Database!G:G,"<="&$B$2)+COUNTIFS(Database!I:I,B33,Database!G:G,"<="&$B$2) -> 3 | D33: =COUNTIFS(Database!$H:$H,$B33,Database!$Y:$Y,$B33,Database!$G:$G,"<="&$B$2)+COUNTIFS(Database!$I:$I,$B33,Database!$Y:$Y,$B33,Database!$G:$G,"<="&$B$2) -> 0 | E33: =COUNTIFS(Database!$H:$H,$B33,Database!$Y:$Y,"=Nul",Database!$G:$G,"<="&$B$2)+COUNTIFS(Database!$I:$I,$B33,Database!$Y:$Y,"Nul",Database!$G:$G,"<="&$B$2) -> 3 | F33: =COUNTIFS(Database!$H:$H,$B33,Database!$Y:$Y,"<>"&$B33,Database!$Y:$Y,"<>Nul",Database!$G:$G,"<="&$B$2)+COUNTIFS(Database!$I:$I,$B33,Database!$Y:$Y,"<>"&$B33,Database!$Y:$Y,"<>Nul",Database!$G:$G,"<="&$B$2) -> 0 | G33: =SUMIF(Database!$H:$H,$B33,Database!T:T)+SUMIF(Database!I:I,$B33,Database!U:U) -> 2 | H33: =SUMIF(Database!$H:$H,$B33,Database!U:U)+SUMIF(Database!I:I,$B33,Database!T:T) -> 2 | I33: =G33-H33 -> 0 | J33: =D33*3+E33 -> 3 | K33: =IF(C33>0, _xlfn.RANK.EQ(J33,$J$32:$J$35,0) + COUNTIFS($J$32:$J$35,J33,$I$32:$I$35,">"&I33), "") -> 2
A34: H | B34: Uruguay | C34: =COUNTIFS(Database!H:H,B34,Database!G:G,"<="&$B$2)+COUNTIFS(Database!I:I,B34,Database!G:G,"<="&$B$2) -> 3 | D34: =COUNTIFS(Database!$H:$H,$B34,Database!$Y:$Y,$B34,Database!$G:$G,"<="&$B$2)+COUNTIFS(Database!$I:$I,$B34,Database!$Y:$Y,$B34,Database!$G:$G,"<="&$B$2) -> 0 | E34: =COUNTIFS(Database!$H:$H,$B34,Database!$Y:$Y,"=Nul",Database!$G:$G,"<="&$B$2)+COUNTIFS(Database!$I:$I,$B34,Database!$Y:$Y,"Nul",Database!$G:$G,"<="&$B$2) -> 2 | F34: =COUNTIFS(Database!$H:$H,$B34,Database!$Y:$Y,"<>"&$B34,Database!$Y:$Y,"<>Nul",Database!$G:$G,"<="&$B$2)+COUNTIFS(Database!$I:$I,$B34,Database!$Y:$Y,"<>"&$B34,Database!$Y:$Y,"<>Nul",Database!$G:$G,"<="&$B$2) -> 1 | G34: =SUMIF(Database!$H:$H,$B34,Database!T:T)+SUMIF(Database!I:I,$B34,Database!U:U) -> 3 | H34: =SUMIF(Database!$H:$H,$B34,Database!U:U)+SUMIF(Database!I:I,$B34,Database!T:T) -> 4 | I34: =G34-H34 -> -1 | J34: =D34*3+E34 -> 2 | K34: =IF(C34>0, _xlfn.RANK.EQ(J34,$J$32:$J$35,0) + COUNTIFS($J$32:$J$35,J34,$I$32:$I$35,">"&I34), "") -> 3
A35: H | B35: Arabie Saoudite | C35: =COUNTIFS(Database!H:H,B35,Database!G:G,"<="&$B$2)+COUNTIFS(Database!I:I,B35,Database!G:G,"<="&$B$2) -> 3 | D35: =COUNTIFS(Database!$H:$H,$B35,Database!$Y:$Y,$B35,Database!$G:$G,"<="&$B$2)+COUNTIFS(Database!$I:$I,$B35,Database!$Y:$Y,$B35,Database!$G:$G,"<="&$B$2) -> 0 | E35: =COUNTIFS(Database!$H:$H,$B35,Database!$Y:$Y,"=Nul",Database!$G:$G,"<="&$B$2)+COUNTIFS(Database!$I:$I,$B35,Database!$Y:$Y,"Nul",Database!$G:$G,"<="&$B$2) -> 2 | F35: =COUNTIFS(Database!$H:$H,$B35,Database!$Y:$Y,"<>"&$B35,Database!$Y:$Y,"<>Nul",Database!$G:$G,"<="&$B$2)+COUNTIFS(Database!$I:$I,$B35,Database!$Y:$Y,"<>"&$B35,Database!$Y:$Y,"<>Nul",Database!$G:$G,"<="&$B$2) -> 1 | G35: =SUMIF(Database!$H:$H,$B35,Database!T:T)+SUMIF(Database!I:I,$B35,Database!U:U) -> 1 | H35: =SUMIF(Database!$H:$H,$B35,Database!U:U)+SUMIF(Database!I:I,$B35,Database!T:T) -> 5 | I35: =G35-H35 -> -4 | J35: =D35*3+E35 -> 2 | K35: =IF(C35>0, _xlfn.RANK.EQ(J35,$J$32:$J$35,0) + COUNTIFS($J$32:$J$35,J35,$I$32:$I$35,">"&I35), "") -> 4
A36: I | B36: France | C36: =COUNTIFS(Database!H:H,B36,Database!G:G,"<="&$B$2)+COUNTIFS(Database!I:I,B36,Database!G:G,"<="&$B$2) -> 4 | D36: =COUNTIFS(Database!$H:$H,$B36,Database!$Y:$Y,$B36,Database!$G:$G,"<="&$B$2)+COUNTIFS(Database!$I:$I,$B36,Database!$Y:$Y,$B36,Database!$G:$G,"<="&$B$2) -> 4 | E36: =COUNTIFS(Database!$H:$H,$B36,Database!$Y:$Y,"=Nul",Database!$G:$G,"<="&$B$2)+COUNTIFS(Database!$I:$I,$B36,Database!$Y:$Y,"Nul",Database!$G:$G,"<="&$B$2) -> 0 | F36: =COUNTIFS(Database!$H:$H,$B36,Database!$Y:$Y,"<>"&$B36,Database!$Y:$Y,"<>Nul",Database!$G:$G,"<="&$B$2)+COUNTIFS(Database!$I:$I,$B36,Database!$Y:$Y,"<>"&$B36,Database!$Y:$Y,"<>Nul",Database!$G:$G,"<="&$B$2) -> 0 | G36: =SUMIF(Database!$H:$H,$B36,Database!T:T)+SUMIF(Database!I:I,$B36,Database!U:U) -> 13 | H36: =SUMIF(Database!$H:$H,$B36,Database!U:U)+SUMIF(Database!I:I,$B36,Database!T:T) -> 2 | I36: =G36-H36 -> 11 | J36: =D36*3+E36 -> 12 | K36: =IF(C36>0, _xlfn.RANK.EQ(J36,$J$36:$J$39,0) + COUNTIFS($J$36:$J$39,J36,$I$36:$I$39,">"&I36), "") -> 1
A37: I | B37: Norvège | C37: =COUNTIFS(Database!H:H,B37,Database!G:G,"<="&$B$2)+COUNTIFS(Database!I:I,B37,Database!G:G,"<="&$B$2) -> 4 | D37: =COUNTIFS(Database!$H:$H,$B37,Database!$Y:$Y,$B37,Database!$G:$G,"<="&$B$2)+COUNTIFS(Database!$I:$I,$B37,Database!$Y:$Y,$B37,Database!$G:$G,"<="&$B$2) -> 3 | E37: =COUNTIFS(Database!$H:$H,$B37,Database!$Y:$Y,"=Nul",Database!$G:$G,"<="&$B$2)+COUNTIFS(Database!$I:$I,$B37,Database!$Y:$Y,"Nul",Database!$G:$G,"<="&$B$2) -> 0 | F37: =COUNTIFS(Database!$H:$H,$B37,Database!$Y:$Y,"<>"&$B37,Database!$Y:$Y,"<>Nul",Database!$G:$G,"<="&$B$2)+COUNTIFS(Database!$I:$I,$B37,Database!$Y:$Y,"<>"&$B37,Database!$Y:$Y,"<>Nul",Database!$G:$G,"<="&$B$2) -> 1 | G37: =SUMIF(Database!$H:$H,$B37,Database!T:T)+SUMIF(Database!I:I,$B37,Database!U:U) -> 10 | H37: =SUMIF(Database!$H:$H,$B37,Database!U:U)+SUMIF(Database!I:I,$B37,Database!T:T) -> 8 | I37: =G37-H37 -> 2 | J37: =D37*3+E37 -> 9 | K37: =IF(C37>0, _xlfn.RANK.EQ(J37,$J$36:$J$39,0) + COUNTIFS($J$36:$J$39,J37,$I$36:$I$39,">"&I37), "") -> 2
A38: I | B38: Sénégal | C38: =COUNTIFS(Database!H:H,B38,Database!G:G,"<="&$B$2)+COUNTIFS(Database!I:I,B38,Database!G:G,"<="&$B$2) -> 4 | D38: =COUNTIFS(Database!$H:$H,$B38,Database!$Y:$Y,$B38,Database!$G:$G,"<="&$B$2)+COUNTIFS(Database!$I:$I,$B38,Database!$Y:$Y,$B38,Database!$G:$G,"<="&$B$2) -> 2 | E38: =COUNTIFS(Database!$H:$H,$B38,Database!$Y:$Y,"=Nul",Database!$G:$G,"<="&$B$2)+COUNTIFS(Database!$I:$I,$B38,Database!$Y:$Y,"Nul",Database!$G:$G,"<="&$B$2) -> 0 | F38: =COUNTIFS(Database!$H:$H,$B38,Database!$Y:$Y,"<>"&$B38,Database!$Y:$Y,"<>Nul",Database!$G:$G,"<="&$B$2)+COUNTIFS(Database!$I:$I,$B38,Database!$Y:$Y,"<>"&$B38,Database!$Y:$Y,"<>Nul",Database!$G:$G,"<="&$B$2) -> 2 | G38: =SUMIF(Database!$H:$H,$B38,Database!T:T)+SUMIF(Database!I:I,$B38,Database!U:U) -> 9 | H38: =SUMIF(Database!$H:$H,$B38,Database!U:U)+SUMIF(Database!I:I,$B38,Database!T:T) -> 6 | I38: =G38-H38 -> 3 | J38: =D38*3+E38 -> 6 | K38: =IF(C38>0, _xlfn.RANK.EQ(J38,$J$36:$J$39,0) + COUNTIFS($J$36:$J$39,J38,$I$36:$I$39,">"&I38), "") -> 3
A39: I | B39: Irak | C39: =COUNTIFS(Database!H:H,B39,Database!G:G,"<="&$B$2)+COUNTIFS(Database!I:I,B39,Database!G:G,"<="&$B$2) -> 3 | D39: =COUNTIFS(Database!$H:$H,$B39,Database!$Y:$Y,$B39,Database!$G:$G,"<="&$B$2)+COUNTIFS(Database!$I:$I,$B39,Database!$Y:$Y,$B39,Database!$G:$G,"<="&$B$2) -> 0 | E39: =COUNTIFS(Database!$H:$H,$B39,Database!$Y:$Y,"=Nul",Database!$G:$G,"<="&$B$2)+COUNTIFS(Database!$I:$I,$B39,Database!$Y:$Y,"Nul",Database!$G:$G,"<="&$B$2) -> 0 | F39: =COUNTIFS(Database!$H:$H,$B39,Database!$Y:$Y,"<>"&$B39,Database!$Y:$Y,"<>Nul",Database!$G:$G,"<="&$B$2)+COUNTIFS(Database!$I:$I,$B39,Database!$Y:$Y,"<>"&$B39,Database!$Y:$Y,"<>Nul",Database!$G:$G,"<="&$B$2) -> 3 | G39: =SUMIF(Database!$H:$H,$B39,Database!T:T)+SUMIF(Database!I:I,$B39,Database!U:U) -> 1 | H39: =SUMIF(Database!$H:$H,$B39,Database!U:U)+SUMIF(Database!I:I,$B39,Database!T:T) -> 12 | I39: =G39-H39 -> -11 | J39: =D39*3+E39 -> 0 | K39: =IF(C39>0, _xlfn.RANK.EQ(J39,$J$36:$J$39,0) + COUNTIFS($J$36:$J$39,J39,$I$36:$I$39,">"&I39), "") -> 4
A40: J | B40: Argentine | C40: =COUNTIFS(Database!H:H,B40,Database!G:G,"<="&$B$2)+COUNTIFS(Database!I:I,B40,Database!G:G,"<="&$B$2) -> 3 | D40: =COUNTIFS(Database!$H:$H,$B40,Database!$Y:$Y,$B40,Database!$G:$G,"<="&$B$2)+COUNTIFS(Database!$I:$I,$B40,Database!$Y:$Y,$B40,Database!$G:$G,"<="&$B$2) -> 3 | E40: =COUNTIFS(Database!$H:$H,$B40,Database!$Y:$Y,"=Nul",Database!$G:$G,"<="&$B$2)+COUNTIFS(Database!$I:$I,$B40,Database!$Y:$Y,"Nul",Database!$G:$G,"<="&$B$2) -> 0 | F40: =COUNTIFS(Database!$H:$H,$B40,Database!$Y:$Y,"<>"&$B40,Database!$Y:$Y,"<>Nul",Database!$G:$G,"<="&$B$2)+COUNTIFS(Database!$I:$I,$B40,Database!$Y:$Y,"<>"&$B40,Database!$Y:$Y,"<>Nul",Database!$G:$G,"<="&$B$2) -> 0 | G40: =SUMIF(Database!$H:$H,$B40,Database!T:T)+SUMIF(Database!I:I,$B40,Database!U:U) -> 8 | H40: =SUMIF(Database!$H:$H,$B40,Database!U:U)+SUMIF(Database!I:I,$B40,Database!T:T) -> 1 | I40: =G40-H40 -> 7 | J40: =D40*3+E40 -> 9 | K40: =IF(C40>0, _xlfn.RANK.EQ(J40,$J$40:$J$43,0) + COUNTIFS($J$40:$J$43,J40,$I$40:$I$43,">"&I40), "") -> 1
A41: J | B41: Autriche | C41: =COUNTIFS(Database!H:H,B41,Database!G:G,"<="&$B$2)+COUNTIFS(Database!I:I,B41,Database!G:G,"<="&$B$2) -> 3 | D41: =COUNTIFS(Database!$H:$H,$B41,Database!$Y:$Y,$B41,Database!$G:$G,"<="&$B$2)+COUNTIFS(Database!$I:$I,$B41,Database!$Y:$Y,$B41,Database!$G:$G,"<="&$B$2) -> 1 | E41: =COUNTIFS(Database!$H:$H,$B41,Database!$Y:$Y,"=Nul",Database!$G:$G,"<="&$B$2)+COUNTIFS(Database!$I:$I,$B41,Database!$Y:$Y,"Nul",Database!$G:$G,"<="&$B$2) -> 1 | F41: =COUNTIFS(Database!$H:$H,$B41,Database!$Y:$Y,"<>"&$B41,Database!$Y:$Y,"<>Nul",Database!$G:$G,"<="&$B$2)+COUNTIFS(Database!$I:$I,$B41,Database!$Y:$Y,"<>"&$B41,Database!$Y:$Y,"<>Nul",Database!$G:$G,"<="&$B$2) -> 1 | G41: =SUMIF(Database!$H:$H,$B41,Database!T:T)+SUMIF(Database!I:I,$B41,Database!U:U) -> 6 | H41: =SUMIF(Database!$H:$H,$B41,Database!U:U)+SUMIF(Database!I:I,$B41,Database!T:T) -> 6 | I41: =G41-H41 -> 0 | J41: =D41*3+E41 -> 4 | K41: =IF(C41>0, _xlfn.RANK.EQ(J41,$J$40:$J$43,0) + COUNTIFS($J$40:$J$43,J41,$I$40:$I$43,">"&I41), "") -> 2
A42: J | B42: Algérie | C42: =COUNTIFS(Database!H:H,B42,Database!G:G,"<="&$B$2)+COUNTIFS(Database!I:I,B42,Database!G:G,"<="&$B$2) -> 3 | D42: =COUNTIFS(Database!$H:$H,$B42,Database!$Y:$Y,$B42,Database!$G:$G,"<="&$B$2)+COUNTIFS(Database!$I:$I,$B42,Database!$Y:$Y,$B42,Database!$G:$G,"<="&$B$2) -> 1 | E42: =COUNTIFS(Database!$H:$H,$B42,Database!$Y:$Y,"=Nul",Database!$G:$G,"<="&$B$2)+COUNTIFS(Database!$I:$I,$B42,Database!$Y:$Y,"Nul",Database!$G:$G,"<="&$B$2) -> 1 | F42: =COUNTIFS(Database!$H:$H,$B42,Database!$Y:$Y,"<>"&$B42,Database!$Y:$Y,"<>Nul",Database!$G:$G,"<="&$B$2)+COUNTIFS(Database!$I:$I,$B42,Database!$Y:$Y,"<>"&$B42,Database!$Y:$Y,"<>Nul",Database!$G:$G,"<="&$B$2) -> 1 | G42: =SUMIF(Database!$H:$H,$B42,Database!T:T)+SUMIF(Database!I:I,$B42,Database!U:U) -> 5 | H42: =SUMIF(Database!$H:$H,$B42,Database!U:U)+SUMIF(Database!I:I,$B42,Database!T:T) -> 7 | I42: =G42-H42 -> -2 | J42: =D42*3+E42 -> 4 | K42: =IF(C42>0, _xlfn.RANK.EQ(J42,$J$40:$J$43,0) + COUNTIFS($J$40:$J$43,J42,$I$40:$I$43,">"&I42), "") -> 3
A43: J | B43: Jordanie | C43: =COUNTIFS(Database!H:H,B43,Database!G:G,"<="&$B$2)+COUNTIFS(Database!I:I,B43,Database!G:G,"<="&$B$2) -> 3 | D43: =COUNTIFS(Database!$H:$H,$B43,Database!$Y:$Y,$B43,Database!$G:$G,"<="&$B$2)+COUNTIFS(Database!$I:$I,$B43,Database!$Y:$Y,$B43,Database!$G:$G,"<="&$B$2) -> 0 | E43: =COUNTIFS(Database!$H:$H,$B43,Database!$Y:$Y,"=Nul",Database!$G:$G,"<="&$B$2)+COUNTIFS(Database!$I:$I,$B43,Database!$Y:$Y,"Nul",Database!$G:$G,"<="&$B$2) -> 0 | F43: =COUNTIFS(Database!$H:$H,$B43,Database!$Y:$Y,"<>"&$B43,Database!$Y:$Y,"<>Nul",Database!$G:$G,"<="&$B$2)+COUNTIFS(Database!$I:$I,$B43,Database!$Y:$Y,"<>"&$B43,Database!$Y:$Y,"<>Nul",Database!$G:$G,"<="&$B$2) -> 3 | G43: =SUMIF(Database!$H:$H,$B43,Database!T:T)+SUMIF(Database!I:I,$B43,Database!U:U) -> 3 | H43: =SUMIF(Database!$H:$H,$B43,Database!U:U)+SUMIF(Database!I:I,$B43,Database!T:T) -> 8 | I43: =G43-H43 -> -5 | J43: =D43*3+E43 -> 0 | K43: =IF(C43>0, _xlfn.RANK.EQ(J43,$J$40:$J$43,0) + COUNTIFS($J$40:$J$43,J43,$I$40:$I$43,">"&I43), "") -> 4
A44: K | B44: Colombie | C44: =COUNTIFS(Database!H:H,B44,Database!G:G,"<="&$B$2)+COUNTIFS(Database!I:I,B44,Database!G:G,"<="&$B$2) -> 3 | D44: =COUNTIFS(Database!$H:$H,$B44,Database!$Y:$Y,$B44,Database!$G:$G,"<="&$B$2)+COUNTIFS(Database!$I:$I,$B44,Database!$Y:$Y,$B44,Database!$G:$G,"<="&$B$2) -> 2 | E44: =COUNTIFS(Database!$H:$H,$B44,Database!$Y:$Y,"=Nul",Database!$G:$G,"<="&$B$2)+COUNTIFS(Database!$I:$I,$B44,Database!$Y:$Y,"Nul",Database!$G:$G,"<="&$B$2) -> 1 | F44: =COUNTIFS(Database!$H:$H,$B44,Database!$Y:$Y,"<>"&$B44,Database!$Y:$Y,"<>Nul",Database!$G:$G,"<="&$B$2)+COUNTIFS(Database!$I:$I,$B44,Database!$Y:$Y,"<>"&$B44,Database!$Y:$Y,"<>Nul",Database!$G:$G,"<="&$B$2) -> 0 | G44: =SUMIF(Database!$H:$H,$B44,Database!T:T)+SUMIF(Database!I:I,$B44,Database!U:U) -> 4 | H44: =SUMIF(Database!$H:$H,$B44,Database!U:U)+SUMIF(Database!I:I,$B44,Database!T:T) -> 1 | I44: =G44-H44 -> 3 | J44: =D44*3+E44 -> 7 | K44: =IF(C44>0, _xlfn.RANK.EQ(J44,$J$44:$J$47,0) + COUNTIFS($J$44:$J$47,J44,$I$44:$I$47,">"&I44), "") -> 1
A45: K | B45: Portugal | C45: =COUNTIFS(Database!H:H,B45,Database!G:G,"<="&$B$2)+COUNTIFS(Database!I:I,B45,Database!G:G,"<="&$B$2) -> 3 | D45: =COUNTIFS(Database!$H:$H,$B45,Database!$Y:$Y,$B45,Database!$G:$G,"<="&$B$2)+COUNTIFS(Database!$I:$I,$B45,Database!$Y:$Y,$B45,Database!$G:$G,"<="&$B$2) -> 1 | E45: =COUNTIFS(Database!$H:$H,$B45,Database!$Y:$Y,"=Nul",Database!$G:$G,"<="&$B$2)+COUNTIFS(Database!$I:$I,$B45,Database!$Y:$Y,"Nul",Database!$G:$G,"<="&$B$2) -> 2 | F45: =COUNTIFS(Database!$H:$H,$B45,Database!$Y:$Y,"<>"&$B45,Database!$Y:$Y,"<>Nul",Database!$G:$G,"<="&$B$2)+COUNTIFS(Database!$I:$I,$B45,Database!$Y:$Y,"<>"&$B45,Database!$Y:$Y,"<>Nul",Database!$G:$G,"<="&$B$2) -> 0 | G45: =SUMIF(Database!$H:$H,$B45,Database!T:T)+SUMIF(Database!I:I,$B45,Database!U:U) -> 6 | H45: =SUMIF(Database!$H:$H,$B45,Database!U:U)+SUMIF(Database!I:I,$B45,Database!T:T) -> 1 | I45: =G45-H45 -> 5 | J45: =D45*3+E45 -> 5 | K45: =IF(C45>0, _xlfn.RANK.EQ(J45,$J$44:$J$47,0) + COUNTIFS($J$44:$J$47,J45,$I$44:$I$47,">"&I45), "") -> 2
A46: K | B46: RD Congo | C46: =COUNTIFS(Database!H:H,B46,Database!G:G,"<="&$B$2)+COUNTIFS(Database!I:I,B46,Database!G:G,"<="&$B$2) -> 4 | D46: =COUNTIFS(Database!$H:$H,$B46,Database!$Y:$Y,$B46,Database!$G:$G,"<="&$B$2)+COUNTIFS(Database!$I:$I,$B46,Database!$Y:$Y,$B46,Database!$G:$G,"<="&$B$2) -> 1 | E46: =COUNTIFS(Database!$H:$H,$B46,Database!$Y:$Y,"=Nul",Database!$G:$G,"<="&$B$2)+COUNTIFS(Database!$I:$I,$B46,Database!$Y:$Y,"Nul",Database!$G:$G,"<="&$B$2) -> 1 | F46: =COUNTIFS(Database!$H:$H,$B46,Database!$Y:$Y,"<>"&$B46,Database!$Y:$Y,"<>Nul",Database!$G:$G,"<="&$B$2)+COUNTIFS(Database!$I:$I,$B46,Database!$Y:$Y,"<>"&$B46,Database!$Y:$Y,"<>Nul",Database!$G:$G,"<="&$B$2) -> 2 | G46: =SUMIF(Database!$H:$H,$B46,Database!T:T)+SUMIF(Database!I:I,$B46,Database!U:U) -> 5 | H46: =SUMIF(Database!$H:$H,$B46,Database!U:U)+SUMIF(Database!I:I,$B46,Database!T:T) -> 5 | I46: =G46-H46 -> 0 | J46: =D46*3+E46 -> 4 | K46: =IF(C46>0, _xlfn.RANK.EQ(J46,$J$44:$J$47,0) + COUNTIFS($J$44:$J$47,J46,$I$44:$I$47,">"&I46), "") -> 3
A47: K | B47: Ouzbékistan | C47: =COUNTIFS(Database!H:H,B47,Database!G:G,"<="&$B$2)+COUNTIFS(Database!I:I,B47,Database!G:G,"<="&$B$2) -> 3 | D47: =COUNTIFS(Database!$H:$H,$B47,Database!$Y:$Y,$B47,Database!$G:$G,"<="&$B$2)+COUNTIFS(Database!$I:$I,$B47,Database!$Y:$Y,$B47,Database!$G:$G,"<="&$B$2) -> 0 | E47: =COUNTIFS(Database!$H:$H,$B47,Database!$Y:$Y,"=Nul",Database!$G:$G,"<="&$B$2)+COUNTIFS(Database!$I:$I,$B47,Database!$Y:$Y,"Nul",Database!$G:$G,"<="&$B$2) -> 0 | F47: =COUNTIFS(Database!$H:$H,$B47,Database!$Y:$Y,"<>"&$B47,Database!$Y:$Y,"<>Nul",Database!$G:$G,"<="&$B$2)+COUNTIFS(Database!$I:$I,$B47,Database!$Y:$Y,"<>"&$B47,Database!$Y:$Y,"<>Nul",Database!$G:$G,"<="&$B$2) -> 3 | G47: =SUMIF(Database!$H:$H,$B47,Database!T:T)+SUMIF(Database!I:I,$B47,Database!U:U) -> 2 | H47: =SUMIF(Database!$H:$H,$B47,Database!U:U)+SUMIF(Database!I:I,$B47,Database!T:T) -> 11 | I47: =G47-H47 -> -9 | J47: =D47*3+E47 -> 0 | K47: =IF(C47>0, _xlfn.RANK.EQ(J47,$J$44:$J$47,0) + COUNTIFS($J$44:$J$47,J47,$I$44:$I$47,">"&I47), "") -> 4
A48: L | B48: Angleterre | C48: =COUNTIFS(Database!H:H,B48,Database!G:G,"<="&$B$2)+COUNTIFS(Database!I:I,B48,Database!G:G,"<="&$B$2) -> 4 | D48: =COUNTIFS(Database!$H:$H,$B48,Database!$Y:$Y,$B48,Database!$G:$G,"<="&$B$2)+COUNTIFS(Database!$I:$I,$B48,Database!$Y:$Y,$B48,Database!$G:$G,"<="&$B$2) -> 3 | E48: =COUNTIFS(Database!$H:$H,$B48,Database!$Y:$Y,"=Nul",Database!$G:$G,"<="&$B$2)+COUNTIFS(Database!$I:$I,$B48,Database!$Y:$Y,"Nul",Database!$G:$G,"<="&$B$2) -> 1 | F48: =COUNTIFS(Database!$H:$H,$B48,Database!$Y:$Y,"<>"&$B48,Database!$Y:$Y,"<>Nul",Database!$G:$G,"<="&$B$2)+COUNTIFS(Database!$I:$I,$B48,Database!$Y:$Y,"<>"&$B48,Database!$Y:$Y,"<>Nul",Database!$G:$G,"<="&$B$2) -> 0 | G48: =SUMIF(Database!$H:$H,$B48,Database!T:T)+SUMIF(Database!I:I,$B48,Database!U:U) -> 8 | H48: =SUMIF(Database!$H:$H,$B48,Database!U:U)+SUMIF(Database!I:I,$B48,Database!T:T) -> 3 | I48: =G48-H48 -> 5 | J48: =D48*3+E48 -> 10 | K48: =IF(C48>0, _xlfn.RANK.EQ(J48,$J$48:$J$51,0) + COUNTIFS($J$48:$J$51,J48,$I$48:$I$51,">"&I48), "") -> 1
A49: L | B49: Ghana | C49: =COUNTIFS(Database!H:H,B49,Database!G:G,"<="&$B$2)+COUNTIFS(Database!I:I,B49,Database!G:G,"<="&$B$2) -> 3 | D49: =COUNTIFS(Database!$H:$H,$B49,Database!$Y:$Y,$B49,Database!$G:$G,"<="&$B$2)+COUNTIFS(Database!$I:$I,$B49,Database!$Y:$Y,$B49,Database!$G:$G,"<="&$B$2) -> 1 | E49: =COUNTIFS(Database!$H:$H,$B49,Database!$Y:$Y,"=Nul",Database!$G:$G,"<="&$B$2)+COUNTIFS(Database!$I:$I,$B49,Database!$Y:$Y,"Nul",Database!$G:$G,"<="&$B$2) -> 1 | F49: =COUNTIFS(Database!$H:$H,$B49,Database!$Y:$Y,"<>"&$B49,Database!$Y:$Y,"<>Nul",Database!$G:$G,"<="&$B$2)+COUNTIFS(Database!$I:$I,$B49,Database!$Y:$Y,"<>"&$B49,Database!$Y:$Y,"<>Nul",Database!$G:$G,"<="&$B$2) -> 1 | G49: =SUMIF(Database!$H:$H,$B49,Database!T:T)+SUMIF(Database!I:I,$B49,Database!U:U) -> 2 | H49: =SUMIF(Database!$H:$H,$B49,Database!U:U)+SUMIF(Database!I:I,$B49,Database!T:T) -> 2 | I49: =G49-H49 -> 0 | J49: =D49*3+E49 -> 4 | K49: =IF(C49>0, _xlfn.RANK.EQ(J49,$J$48:$J$51,0) + COUNTIFS($J$48:$J$51,J49,$I$48:$I$51,">"&I49), "") -> 3
A50: L | B50: Croatie | C50: =COUNTIFS(Database!H:H,B50,Database!G:G,"<="&$B$2)+COUNTIFS(Database!I:I,B50,Database!G:G,"<="&$B$2) -> 3 | D50: =COUNTIFS(Database!$H:$H,$B50,Database!$Y:$Y,$B50,Database!$G:$G,"<="&$B$2)+COUNTIFS(Database!$I:$I,$B50,Database!$Y:$Y,$B50,Database!$G:$G,"<="&$B$2) -> 2 | E50: =COUNTIFS(Database!$H:$H,$B50,Database!$Y:$Y,"=Nul",Database!$G:$G,"<="&$B$2)+COUNTIFS(Database!$I:$I,$B50,Database!$Y:$Y,"Nul",Database!$G:$G,"<="&$B$2) -> 0 | F50: =COUNTIFS(Database!$H:$H,$B50,Database!$Y:$Y,"<>"&$B50,Database!$Y:$Y,"<>Nul",Database!$G:$G,"<="&$B$2)+COUNTIFS(Database!$I:$I,$B50,Database!$Y:$Y,"<>"&$B50,Database!$Y:$Y,"<>Nul",Database!$G:$G,"<="&$B$2) -> 1 | G50: =SUMIF(Database!$H:$H,$B50,Database!T:T)+SUMIF(Database!I:I,$B50,Database!U:U) -> 5 | H50: =SUMIF(Database!$H:$H,$B50,Database!U:U)+SUMIF(Database!I:I,$B50,Database!T:T) -> 5 | I50: =G50-H50 -> 0 | J50: =D50*3+E50 -> 6 | K50: =IF(C50>0, _xlfn.RANK.EQ(J50,$J$48:$J$51,0) + COUNTIFS($J$48:$J$51,J50,$I$48:$I$51,">"&I50), "") -> 2
A51: L | B51: Panama | C51: =COUNTIFS(Database!H:H,B51,Database!G:G,"<="&$B$2)+COUNTIFS(Database!I:I,B51,Database!G:G,"<="&$B$2) -> 3 | D51: =COUNTIFS(Database!$H:$H,$B51,Database!$Y:$Y,$B51,Database!$G:$G,"<="&$B$2)+COUNTIFS(Database!$I:$I,$B51,Database!$Y:$Y,$B51,Database!$G:$G,"<="&$B$2) -> 0 | E51: =COUNTIFS(Database!$H:$H,$B51,Database!$Y:$Y,"=Nul",Database!$G:$G,"<="&$B$2)+COUNTIFS(Database!$I:$I,$B51,Database!$Y:$Y,"Nul",Database!$G:$G,"<="&$B$2) -> 0 | F51: =COUNTIFS(Database!$H:$H,$B51,Database!$Y:$Y,"<>"&$B51,Database!$Y:$Y,"<>Nul",Database!$G:$G,"<="&$B$2)+COUNTIFS(Database!$I:$I,$B51,Database!$Y:$Y,"<>"&$B51,Database!$Y:$Y,"<>Nul",Database!$G:$G,"<="&$B$2) -> 3 | G51: =SUMIF(Database!$H:$H,$B51,Database!T:T)+SUMIF(Database!I:I,$B51,Database!U:U) -> 0 | H51: =SUMIF(Database!$H:$H,$B51,Database!U:U)+SUMIF(Database!I:I,$B51,Database!T:T) -> 4 | I51: =G51-H51 -> -4 | J51: =D51*3+E51 -> 0 | K51: =IF(C51>0, _xlfn.RANK.EQ(J51,$J$48:$J$51,0) + COUNTIFS($J$48:$J$51,J51,$I$48:$I$51,">"&I51), "") -> 4

Sheet Feuil2
A1: match_id | B1: (Plusieurs éléments)
A3: Étiquettes de lignes | B3: Nombre de Résultats Exacts | C3: Nombre de Scores Exacts | D3: Pts | E3: Rang
A4: __Vince__ | B4: 3 | C4: 0 | D4: 138 | E4: =RANK(D4,$D$4:$D$29) -> 25
A5: _Jujul | B5: 1 | C5: 0 | D5: 96 | E5: =RANK(D5,$D$4:$D$29) -> 26
A6: _Nicolas_LM_ | B6: 8 | C6: 3 | D6: 625 | E6: =RANK(D6,$D$4:$D$29) -> 2
A7: Amino28 | B7: 7 | C7: 2 | D7: 524 | E7: =RANK(D7,$D$4:$D$29) -> 7
A8: Anis_MaFihache | B8: 7 | C8: 1 | D8: 497 | E8: =RANK(D8,$D$4:$D$29) -> 9
A9: Aurelien_dqp | B9: 7 | C9: 1 | D9: 492 | E9: =RANK(D9,$D$4:$D$29) -> 10
A10: Cartone | B10: 5 | C10: 2 | D10: 393 | E10: =RANK(D10,$D$4:$D$29) -> 16
A11: DJUDJUPRONO | B11: 4 | C11: 1 | D11: 281 | E11: =RANK(D11,$D$4:$D$29) -> 21
A12: Jaouad1 | B12: 6 | C12: 1 | D12: 396 | E12: =RANK(D12,$D$4:$D$29) -> 15
A13: JUJULABOSS13 | B13: 7 | C13: 1 | D13: 608 | E13: =RANK(D13,$D$4:$D$29) -> 5
A14: Jujumsrd | B14: 4 | C14: 1 | D14: 202 | E14: =RANK(D14,$D$4:$D$29) -> 23
A15: Julay | B15: 6 | C15: 0 | D15: 362 | E15: =RANK(D15,$D$4:$D$29) -> 17
... A29: YramVi | B29: 5 | C29: 1 | D29: 310 | E29: =RANK(D29,$D$4:$D$29) -> 19
A30: Total général | B30: 143 | C30: 36 | D30: 726

Sheet Feuil3
A1: Score Max Possible
A2: =MAX(Database!AD:AD) -> 9881

Sheet Pronostics
A1: match_id | B1: profile_id | C1: datetime_utc_plus_2 | D1: profile_alias | E1: profile_name | F1: profile_color_1 | G1: profile_color_2 | H1: phase | I1: group | J1: team1 | K1: team1_trigram | L1: team2 | M1: team2_trigram | N1: localization | O1: stadium | P1: prono_score1 | Q1: prono_score2 | R1: prono_score | S1: bonus_double_flag | T1: cote1 | U1: cote_n | V1: cote2 | W1: status | X1: final_score1 | Y1: final_score2 | Z1: is_sleeping | AA1: resultat_exact_flag | AB1: point_resultat | AC1: score_exact_flag | AD1: rarete | AE1: bonus_score_exact | AF1: points | AG1: points_cumulative | AH1: img_prono_bonus | AI1: img_bonus
A2: =IF(ISBLANK(B2),"",COUNTIF(B$2:B2,B2))-1 -> 0 | B2: 1 | C2: =VLOOKUP($A2+IF($A2=0,1,0),Database!$A:$Y,7,FALSE) -> 46184.875 | D2: =VLOOKUP(Pronostics!$B2,Setup_MPP!$A:$G,3,FALSE) -> _Nicolas_LM_ | E2: =VLOOKUP(Pronostics!$B2,Setup_MPP!$A:$G,2,FALSE) -> Nicolas LE MOUEL | F2: =VLOOKUP($B2,Setup_MPP!$A:$E,4,FALSE) -> #F7C79D | G2: =VLOOKUP($B2,Setup_MPP!$A:$E,5,FALSE) -> #FFBE85 | H2: =IFERROR(IF(AND(A2>=1,A2<=104),VLOOKUP($A2,Location!$A:$J,6,FALSE),IF(A2=0,"Avant l'ouverture",IF(OR(A2=105,A2=106),"Bonus"))),"") -> Avant l'ouverture | R2: =IF(AND(A2>0,A2<=104,W2="Terminé"),TEXT(P2,"0")&"-"&TEXT(Q2,"0"),"") | Z2: =IF(A2=0,0,IF(W2="À venir",0,IF(AND(ISBLANK(P2),ISBLANK(Q2)),1,0))) -> 0 | AG2: =SUMIFS(AF$2:AF2,D$2:D2,D2) -> 0
A3: =IF(ISBLANK(B3),"",COUNTIF(B$2:B3,B3))-1 -> 0 | B3: 2 | C3: =VLOOKUP($A3+IF($A3=0,1,0),Database!$A:$Y,7,FALSE) -> 46184.875 | D3: =VLOOKUP(Pronostics!$B3,Setup_MPP!$A:$G,3,FALSE) -> leaelaz | E3: =VLOOKUP(Pronostics!$B3,Setup_MPP!$A:$G,2,FALSE) -> Léa EL ASERY | F3: =VLOOKUP($B3,Setup_MPP!$A:$E,4,FALSE) -> #FFBEBE | G3: =VLOOKUP($B3,Setup_MPP!$A:$E,5,FALSE) -> #DF6868 | H3: =IFERROR(IF(AND(A3>=1,A3<=104),VLOOKUP($A3,Location!$A:$J,6,FALSE),IF(A3=0,"Avant l'ouverture",IF(OR(A3=105,A3=106),"Bonus"))),"") -> Avant l'ouverture | R3: =IF(AND(A3>0,A3<=104,W3="Terminé"),TEXT(P3,"0")&"-"&TEXT(Q3,"0"),"") | Z3: =IF(A3=0,0,IF(W3="À venir",0,IF(AND(ISBLANK(P3),ISBLANK(Q3)),1,0))) -> 0 | AG3: =SUMIFS(AF$2:AF3,D$2:D3,D3) -> 0
A4: =IF(ISBLANK(B4),"",COUNTIF(B$2:B4,B4))-1 -> 0 | B4: 3 | C4: =VLOOKUP($A4+IF($A4=0,1,0),Database!$A:$Y,7,FALSE) -> 46184.875 | D4: =VLOOKUP(Pronostics!$B4,Setup_MPP!$A:$G,3,FALSE) -> PasMetalleux | E4: =VLOOKUP(Pronostics!$B4,Setup_MPP!$A:$G,2,FALSE) -> Elwenn JOUBREL | F4: =VLOOKUP($B4,Setup_MPP!$A:$E,4,FALSE) -> #F5C7FC | G4: =VLOOKUP($B4,Setup_MPP!$A:$E,5,FALSE) -> #C489CF | H4: =IFERROR(IF(AND(A4>=1,A4<=104),VLOOKUP($A4,Location!$A:$J,6,FALSE),IF(A4=0,"Avant l'ouverture",IF(OR(A4=105,A4=106),"Bonus"))),"") -> Avant l'ouverture | R4: =IF(AND(A4>0,A4<=104,W4="Terminé"),TEXT(P4,"0")&"-"&TEXT(Q4,"0"),"") | Z4: =IF(A4=0,0,IF(W4="À venir",0,IF(AND(ISBLANK(P4),ISBLANK(Q4)),1,0))) -> 0 | AG4: =SUMIFS(AF$2:AF4,D$2:D4,D4) -> 0
A5: =IF(ISBLANK(B5),"",COUNTIF(B$2:B5,B5))-1 -> 0 | B5: 4 | C5: =VLOOKUP($A5+IF($A5=0,1,0),Database!$A:$Y,7,FALSE) -> 46184.875 | D5: =VLOOKUP(Pronostics!$B5,Setup_MPP!$A:$G,3,FALSE) -> Popo444 | E5: =VLOOKUP(Pronostics!$B5,Setup_MPP!$A:$G,2,FALSE) -> Pauline OLIVIER | F5: =VLOOKUP($B5,Setup_MPP!$A:$E,4,FALSE) -> #A5EA7F | G5: =VLOOKUP($B5,Setup_MPP!$A:$E,5,FALSE) -> #80C65A | H5: =IFERROR(IF(AND(A5>=1,A5<=104),VLOOKUP($A5,Location!$A:$J,6,FALSE),IF(A5=0,"Avant l'ouverture",IF(OR(A5=105,A5=106),"Bonus"))),"") -> Avant l'ouverture | R5: =IF(AND(A5>0,A5<=104,W5="Terminé"),TEXT(P5,"0")&"-"&TEXT(Q5,"0"),"") | Z5: =IF(A5=0,0,IF(W5="À venir",0,IF(AND(ISBLANK(P5),ISBLANK(Q5)),1,0))) -> 0 | AG5: =SUMIFS(AF$2:AF5,D$2:D5,D5) -> 0
A6: =IF(ISBLANK(B6),"",COUNTIF(B$2:B6,B6))-1 -> 0 | B6: 5 | C6: =VLOOKUP($A6+IF($A6=0,1,0),Database!$A:$Y,7,FALSE) -> 46184.875 | D6: =VLOOKUP(Pronostics!$B6,Setup_MPP!$A:$G,3,FALSE) -> _Jujul | E6: =VLOOKUP(Pronostics!$B6,Setup_MPP!$A:$G,2,FALSE) -> Julie BOISSIERE | F6: =VLOOKUP($B6,Setup_MPP!$A:$E,4,FALSE) -> #D890FF | G6: =VLOOKUP($B6,Setup_MPP!$A:$E,5,FALSE) -> #B750EF | H6: =IFERROR(IF(AND(A6>=1,A6<=104),VLOOKUP($A6,Location!$A:$J,6,FALSE),IF(A6=0,"Avant l'ouverture",IF(OR(A6=105,A6=106),"Bonus"))),"") -> Avant l'ouverture | R6: =IF(AND(A6>0,A6<=104,W6="Terminé"),TEXT(P6,"0")&"-"&TEXT(Q6,"0"),"") | Z6: =IF(A6=0,0,IF(W6="À venir",0,IF(AND(ISBLANK(P6),ISBLANK(Q6)),1,0))) -> 0 | AG6: =SUMIFS(AF$2:AF6,D$2:D6,D6) -> 0
A7: =IF(ISBLANK(B7),"",COUNTIF(B$2:B7,B7))-1 -> 0 | B7: 6 | C7: =VLOOKUP($A7+IF($A7=0,1,0),Database!$A:$Y,7,FALSE) -> 46184.875 | D7: =VLOOKUP(Pronostics!$B7,Setup_MPP!$A:$G,3,FALSE) -> Julay | E7: =VLOOKUP(Pronostics!$B7,Setup_MPP!$A:$G,2,FALSE) -> Julie BOUCHARD | F7: =VLOOKUP($B7,Setup_MPP!$A:$E,4,FALSE) -> #A6F7B1 | G7: =VLOOKUP($B7,Setup_MPP!$A:$E,5,FALSE) -> #6EC179 | H7: =IFERROR(IF(AND(A7>=1,A7<=104),VLOOKUP($A7,Location!$A:$J,6,FALSE),IF(A7=0,"Avant l'ouverture",IF(OR(A7=105,A7=106),"Bonus"))),"") -> Avant l'ouverture | R7: =IF(AND(A7>0,A7<=104,W7="Terminé"),TEXT(P7,"0")&"-"&TEXT(Q7,"0"),"") | Z7: =IF(A7=0,0,IF(W7="À venir",0,IF(AND(ISBLANK(P7),ISBLANK(Q7)),1,0))) -> 0 | AG7: =SUMIFS(AF$2:AF7,D$2:D7,D7) -> 0
A8: =IF(ISBLANK(B8),"",COUNTIF(B$2:B8,B8))-1 -> 0 | B8: 7 | C8: =VLOOKUP($A8+IF($A8=0,1,0),Database!$A:$Y,7,FALSE) -> 46184.875 | D8: =VLOOKUP(Pronostics!$B8,Setup_MPP!$A:$G,3,FALSE) -> __Vince__ | E8: =VLOOKUP(Pronostics!$B8,Setup_MPP!$A:$G,2,FALSE) -> Vincent FRAYSSE | F8: =VLOOKUP($B8,Setup_MPP!$A:$E,4,FALSE) -> #B2EAE8 | G8: =VLOOKUP($B8,Setup_MPP!$A:$E,5,FALSE) -> #6CB4B1 | H8: =IFERROR(IF(AND(A8>=1,A8<=104),VLOOKUP($A8,Location!$A:$J,6,FALSE),IF(A8=0,"Avant l'ouverture",IF(OR(A8=105,A8=106),"Bonus"))),"") -> Avant l'ouverture | R8: =IF(AND(A8>0,A8<=104,W8="Terminé"),TEXT(P8,"0")&"-"&TEXT(Q8,"0"),"") | Z8: =IF(A8=0,0,IF(W8="À venir",0,IF(AND(ISBLANK(P8),ISBLANK(Q8)),1,0))) -> 0 | AG8: =SUMIFS(AF$2:AF8,D$2:D8,D8) -> 0
A9: =IF(ISBLANK(B9),"",COUNTIF(B$2:B9,B9))-1 -> 0 | B9: 8 | C9: =VLOOKUP($A9+IF($A9=0,1,0),Database!$A:$Y,7,FALSE) -> 46184.875 | D9: =VLOOKUP(Pronostics!$B9,Setup_MPP!$A:$G,3,FALSE) -> Louuiiis | E9: =VLOOKUP(Pronostics!$B9,Setup_MPP!$A:$G,2,FALSE) -> Louis HARLE | F9: =VLOOKUP($B9,Setup_MPP!$A:$E,4,FALSE) -> #EEF7B1 | G9: =VLOOKUP($B9,Setup_MPP!$A:$E,5,FALSE) -> #C1CB7D | H9: =IFERROR(IF(AND(A9>=1,A9<=104),VLOOKUP($A9,Location!$A:$J,6,FALSE),IF(A9=0,"Avant l'ouverture",IF(OR(A9=105,A9=106),"Bonus"))),"") -> Avant l'ouverture | R9: =IF(AND(A9>0,A9<=104,W9="Terminé"),TEXT(P9,"0")&"-"&TEXT(Q9,"0"),"") | Z9: =IF(A9=0,0,IF(W9="À venir",0,IF(AND(ISBLANK(P9),ISBLANK(Q9)),1,0))) -> 0 | AG9: =SUMIFS(AF$2:AF9,D$2:D9,D9) -> 0
A10: =IF(ISBLANK(B10),"",COUNTIF(B$2:B10,B10))-1 -> 0 | B10: 9 | C10: =VLOOKUP($A10+IF($A10=0,1,0),Database!$A:$Y,7,FALSE) -> 46184.875 | D10: =VLOOKUP(Pronostics!$B10,Setup_MPP!$A:$G,3,FALSE) -> Aurelien_dpq | E10: =VLOOKUP(Pronostics!$B10,Setup_MPP!$A:$G,2,FALSE) -> Aurélien DE POULPIQUET | F10: =VLOOKUP($B10,Setup_MPP!$A:$E,4,FALSE) -> #F4EA9D | G10: =VLOOKUP($B10,Setup_MPP!$A:$E,5,FALSE) -> #D2C458 | H10: =IFERROR(IF(AND(A10>=1,A10<=104),VLOOKUP($A10,Location!$A:$J,6,FALSE),IF(A10=0,"Avant l'ouverture",IF(OR(A10=105,A10=106),"Bonus"))),"") -> Avant l'ouverture | R10: =IF(AND(A10>0,A10<=104,W10="Terminé"),TEXT(P10,"0")&"-"&TEXT(Q10,"0"),"") | Z10: =IF(A10=0,0,IF(W10="À venir",0,IF(AND(ISBLANK(P10),ISBLANK(Q10)),1,0))) -> 0 | AG10: =SUMIFS(AF$2:AF10,D$2:D10,D10) -> 0
A11: =IF(ISBLANK(B11),"",COUNTIF(B$2:B11,B11))-1 -> 0 | B11: 10 | C11: =VLOOKUP($A11+IF($A11=0,1,0),Database!$A:$Y,7,FALSE) -> 46184.875 | D11: =VLOOKUP(Pronostics!$B11,Setup_MPP!$A:$G,3,FALSE) -> RandomPaul | E11: =VLOOKUP(Pronostics!$B11,Setup_MPP!$A:$G,2,FALSE) -> Paul MONTESINOS | F11: =VLOOKUP($B11,Setup_MPP!$A:$E,4,FALSE) -> #C4B0FF | G11: =VLOOKUP($B11,Setup_MPP!$A:$E,5,FALSE) -> #7F66C8 | H11: =IFERROR(IF(AND(A11>=1,A11<=104),VLOOKUP($A11,Location!$A:$J,6,FALSE),IF(A11=0,"Avant l'ouverture",IF(OR(A11=105,A11=106),"Bonus"))),"") -> Avant l'ouverture | R11: =IF(AND(A11>0,A11<=104,W11="Terminé"),TEXT(P11,"0")&"-"&TEXT(Q11,"0"),"") | Z11: =IF(A11=0,0,IF(W11="À venir",0,IF(AND(ISBLANK(P11),ISBLANK(Q11)),1,0))) -> 0 | AG11: =SUMIFS(AF$2:AF11,D$2:D11,D11) -> 0
A12: =IF(ISBLANK(B12),"",COUNTIF(B$2:B12,B12))-1 -> 0 | B12: 11 | C12: =VLOOKUP($A12+IF($A12=0,1,0),Database!$A:$Y,7,FALSE) -> 46184.875 | D12: =VLOOKUP(Pronostics!$B12,Setup_MPP!$A:$G,3,FALSE) -> Kinsley91 | E12: =VLOOKUP(Pronostics!$B12,Setup_MPP!$A:$G,2,FALSE) -> Kinsley ROQUE | F12: =VLOOKUP($B12,Setup_MPP!$A:$E,4,FALSE) -> #CBEBBA | G12: =VLOOKUP($B12,Setup_MPP!$A:$E,5,FALSE) -> #70BC6E | H12: =IFERROR(IF(AND(A12>=1,A12<=104),VLOOKUP($A12,Location!$A:$J,6,FALSE),IF(A12=0,"Avant l'ouverture",IF(OR(A12=105,A12=106),"Bonus"))),"") -> Avant l'ouverture | R12: =IF(AND(A12>0,A12<=104,W12="Terminé"),TEXT(P12,"0")&"-"&TEXT(Q12,"0"),"") | Z12: =IF(A12=0,0,IF(W12="À venir",0,IF(AND(ISBLANK(P12),ISBLANK(Q12)),1,0))) -> 0 | AG12: =SUMIFS(AF$2:AF12,D$2:D12,D12) -> 0
A13: =IF(ISBLANK(B13),"",COUNTIF(B$2:B13,B13))-1 -> 0 | B13: 12 | C13: =VLOOKUP($A13+IF($A13=0,1,0),Database!$A:$Y,7,FALSE) -> 46184.875 | D13: =VLOOKUP(Pronostics!$B13,Setup_MPP!$A:$G,3,FALSE) -> Jaouad1 | E13: =VLOOKUP(Pronostics!$B13,Setup_MPP!$A:$G,2,FALSE) -> Jaouad SETTI | F13: =VLOOKUP($B13,Setup_MPP!$A:$E,4,FALSE) -> #C2D4FF | G13: =VLOOKUP($B13,Setup_MPP!$A:$E,5,FALSE) -> #6586D5 | H13: =IFERROR(IF(AND(A13>=1,A13<=104),VLOOKUP($A13,Location!$A:$J,6,FALSE),IF(A13=0,"Avant l'ouverture",IF(OR(A13=105,A13=106),"Bonus"))),"") -> Avant l'ouverture | R13: =IF(AND(A13>0,A13<=104,W13="Terminé"),TEXT(P13,"0")&"-"&TEXT(Q13,"0"),"") | Z13: =IF(A13=0,0,IF(W13="À venir",0,IF(AND(ISBLANK(P13),ISBLANK(Q13)),1,0))) -> 0 | AG13: =SUMIFS(AF$2:AF13,D$2:D13,D13) -> 0
... A26: =IF(ISBLANK(B26),"",COUNTIF(B$2:B26,B26))-1 -> 0 | B26: 25 | C26: =VLOOKUP($A26+IF($A26=0,1,0),Database!$A:$Y,7,FALSE) -> 46184.875 | D26: =VLOOKUP(Pronostics!$B26,Setup_MPP!$A:$G,3,FALSE) -> leaw0808 | E26: =VLOOKUP(Pronostics!$B26,Setup_MPP!$A:$G,2,FALSE) -> Léa WALOCQ | F26: =VLOOKUP($B26,Setup_MPP!$A:$E,4,FALSE) -> #D1B9EB | G26: =VLOOKUP($B26,Setup_MPP!$A:$E,5,FALSE) -> #B58BC7 | H26: =IFERROR(IF(AND(A26>=1,A26<=104),VLOOKUP($A26,Location!$A:$J,6,FALSE),IF(A26=0,"Avant l'ouverture",IF(OR(A26=105,A26=106),"Bonus"))),"") -> Avant l'ouverture | R26: =IF(AND(A26>0,A26<=104,W26="Terminé"),TEXT(P26,"0")&"-"&TEXT(Q26,"0"),"") | Z26: =IF(A26=0,0,IF(W26="À venir",0,IF(AND(ISBLANK(P26),ISBLANK(Q26)),1,0))) -> 0 | AG26: =SUMIFS(AF$2:AF26,D$2:D26,D26) -> 0
A27: =IF(ISBLANK(B27),"",COUNTIF(B$2:B27,B27))-1 -> 0 | B27: 26 | C27: 46184.875 | D27: =VLOOKUP(Pronostics!$B27,Setup_MPP!$A:$G,3,FALSE) -> Mohamad#5GGG1 | E27: =VLOOKUP(Pronostics!$B27,Setup_MPP!$A:$G,2,FALSE) -> Mohamad EL KAWAS | F27: =VLOOKUP($B27,Setup_MPP!$A:$E,4,FALSE) -> #EB8787 | G27: =VLOOKUP($B27,Setup_MPP!$A:$E,5,FALSE) -> #368E2C | H27: =IFERROR(IF(AND(A27>=1,A27<=104),VLOOKUP($A27,Location!$A:$J,6,FALSE),IF(A27=0,"Avant l'ouverture",IF(OR(A27=105,A27=106),"Bonus"))),"") -> Avant l'ouverture | I27: =IF(LEFT(H27,4)="Tour",VLOOKUP(A27,Database!$A:$C,3,FALSE),"") | R27: =IF(AND(A27>0,A27<=104,W27="Terminé"),TEXT(P27,"0")&"-"&TEXT(Q27,"0"),"") | Z27: =IF(A27=0,0,IF(W27="À venir",0,IF(AND(ISBLANK(P27),ISBLANK(Q27)),1,0))) -> 0 | AG27: =SUMIFS(AF$2:AF27,D$2:D27,D27) -> 0
A28: =IF(ISBLANK(B28),"",COUNTIF(B$2:B28,B28))-1 -> 0 | B28: 27 | C28: =VLOOKUP($A28+IF($A28=0,1,0),Database!$A:$Y,7,FALSE) -> 46184.875 | D28: =VLOOKUP(Pronostics!$B28,Setup_MPP!$A:$G,3,FALSE) -> maryemkappa | E28: =VLOOKUP(Pronostics!$B28,Setup_MPP!$A:$G,2,FALSE) -> Maryem GUIZANI | F28: =VLOOKUP($B28,Setup_MPP!$A:$E,4,FALSE) -> #BCA2F4 | G28: =VLOOKUP($B28,Setup_MPP!$A:$E,5,FALSE) -> #6D3DD5 | H28: =IFERROR(IF(AND(A28>=1,A28<=104),VLOOKUP($A28,Location!$A:$J,6,FALSE),IF(A28=0,"Avant l'ouverture",IF(OR(A28=105,A28=106),"Bonus"))),"") -> Avant l'ouverture | I28: =IF(LEFT(H28,4)="Tour",VLOOKUP(A28,Database!$A:$C,3,FALSE),"") | R28: =IF(AND(A28>0,A28<=104,W28="Terminé"),TEXT(P28,"0")&"-"&TEXT(Q28,"0"),"") | Z28: =IF(A28=0,0,IF(W28="À venir",0,IF(AND(ISBLANK(P28),ISBLANK(Q28)),1,0))) -> 0 | AG28: =SUMIFS(AF$2:AF28,D$2:D28,D28) -> 0
A29: =IF(ISBLANK(B29),"",COUNTIF(B$2:B29,B29))-1 -> 1 | B29: 1 | C29: =VLOOKUP($A29+IF($A29=0,1,0),Database!$A:$Y,7,FALSE) -> 46184.875 | D29: =VLOOKUP(Pronostics!$B29,Setup_MPP!$A:$G,3,FALSE) -> _Nicolas_LM_ | E29: =VLOOKUP(Pronostics!$B29,Setup_MPP!$A:$G,2,FALSE) -> Nicolas LE MOUEL | F29: =VLOOKUP($B29,Setup_MPP!$A:$E,4,FALSE) -> #F7C79D | G29: =VLOOKUP($B29,Setup_MPP!$A:$E,5,FALSE) -> #FFBE85 | H29: =IFERROR(IF(AND(A29>=1,A29<=104),VLOOKUP($A29,Location!$A:$J,6,FALSE),IF(A29=0,"Avant l'ouverture",IF(OR(A29=105,A29=106),"Bonus"))),"") -> Tour 1 | I29: =IF(LEFT(H29,4)="Tour",VLOOKUP(A29,Database!$A:$C,3,FALSE),"") -> A | J29: =VLOOKUP($A29,Location!$A:$J,7,FALSE) -> Mexique | K29: =IFERROR(VLOOKUP(J29,Setup_Team!$B:$C,2,FALSE), "TDB") -> MEX | L29: =VLOOKUP($A29,Location!$A:$J,8,FALSE) -> Afrique du Sud | M29: =IFERROR(VLOOKUP(L29,Setup_Team!$B:$C,2,FALSE), "TDB") -> ZAF | N29: =VLOOKUP($A29,Location!$A:$J,9,FALSE) -> Mexique City | O29: =VLOOKUP($A29,Location!$A:$J,10,FALSE) -> Estadio Azteca | P29: 3 | Q29: 1 | R29: =IF(AND(A29>0,A29<=104,W29="Terminé"),TEXT(P29,"0")&"-"&TEXT(Q29,"0"),"") -> 3-1 | S29: 0 | T29: =VLOOKUP($A29,Database!$A:$Y,10,FALSE) -> 49 | U29: =VLOOKUP($A29,Database!$A:$Y,11,FALSE) -> 125 | V29: =VLOOKUP($A29,Database!$A:$Y,12,FALSE) -> 148 | W29: =VLOOKUP(A29,Database!A:M,13,FALSE) -> Terminé | X29: =VLOOKUP($A29,Database!$A:$Y,20,FALSE) -> 2 | Y29: =VLOOKUP($A29,Database!$A:$Y,21,FALSE) -> 0 | Z29: =IF(A29=0,0,IF(W29="À venir",0,IF(AND(ISBLANK(P29),ISBLANK(Q29)),1,0))) -> 0 | AA29: =IF(OR(ISBLANK(P29),ISBLANK(Q29)),"",IF(OR(AND(P29>Q29,X29>Y29),AND(P29=Q29,X29=Y29),AND(P29<Q29,X29<Y29)),1,0)) -> 1 | AB29: =IF(C29<NOW(),IF(AND(P29>Q29,X29>Y29),T29,IF(AND(P29=Q29,X29=Y29),U29,IF(AND(P29<Q29,X29<Y29),V29,0))),"") -> 49 | AC29: =IF(AND(P29=X29,Q29=Y29,NOT(ISBLANK(P29)),NOT(ISBLANK(Q29)),NOT(ISBLANK(X29)),NOT(ISBLANK(AB29))),1,0) -> 0 | AD29: =IF(AC29=0,"",IF(OR(ISBLANK(P29),ISBLANK(Q29)),"",IF(ISBLANK(VLOOKUP(A29,Database!A:AA,22,FALSE)),"",VLOOKUP(A29,Database!A:AA,22,FALSE)))) | AE29: =IFERROR( IF( OR(ISBLANK(P29),ISBLANK(Q29)), "", IF( AND(AB29<>"",OR(W29="Terminé",W29="En cours")), VLOOKUP(AD29,Setup_ScoreExactBonus!A:D,4,FALSE), 0 )), 0) -> 0 | AF29: =IFERROR(IF(OR(ISBLANK(P29),ISBLANK(Q29)),0,IF(AB29<>"", AB29 + IF(AC29=1,AE29, 0), "") * (S29+1)),"") -> 49 | AG29: =SUMIFS(AF$2:AF29,D$2:D29,D29) -> 49
A30: =IF(ISBLANK(B30),"",COUNTIF(B$2:B30,B30))-1 -> 1 | B30: 2 | C30: =VLOOKUP($A30+IF($A30=0,1,0),Database!$A:$Y,7,FALSE) -> 46184.875 | D30: =VLOOKUP(Pronostics!$B30,Setup_MPP!$A:$G,3,FALSE) -> leaelaz | E30: =VLOOKUP(Pronostics!$B30,Setup_MPP!$A:$G,2,FALSE) -> Léa EL ASERY | F30: =VLOOKUP($B30,Setup_MPP!$A:$E,4,FALSE) -> #FFBEBE | G30: =VLOOKUP($B30,Setup_MPP!$A:$E,5,FALSE) -> #DF6868 | H30: =IFERROR(IF(AND(A30>=1,A30<=104),VLOOKUP($A30,Location!$A:$J,6,FALSE),IF(A30=0,"Avant l'ouverture",IF(OR(A30=105,A30=106),"Bonus"))),"") -> Tour 1 | I30: =IF(LEFT(H30,4)="Tour",VLOOKUP(A30,Database!$A:$C,3,FALSE),"") -> A | J30: =VLOOKUP($A30,Location!$A:$J,7,FALSE) -> Mexique | K30: =IFERROR(VLOOKUP(J30,Setup_Team!$B:$C,2,FALSE), "TDB") -> MEX | L30: =VLOOKUP($A30,Location!$A:$J,8,FALSE) -> Afrique du Sud | M30: =IFERROR(VLOOKUP(L30,Setup_Team!$B:$C,2,FALSE), "TDB") -> ZAF | N30: =VLOOKUP($A30,Location!$A:$J,9,FALSE) -> Mexique City | O30: =VLOOKUP($A30,Location!$A:$J,10,FALSE) -> Estadio Azteca | P30: 2 | Q30: 1 | R30: =IF(AND(A30>0,A30<=104,W30="Terminé"),TEXT(P30,"0")&"-"&TEXT(Q30,"0"),"") -> 2-1 | S30: 0 | T30: =VLOOKUP($A30,Database!$A:$Y,10,FALSE) -> 49 | U30: =VLOOKUP($A30,Database!$A:$Y,11,FALSE) -> 125 | V30: =VLOOKUP($A30,Database!$A:$Y,12,FALSE) -> 148 | W30: =VLOOKUP(A30,Database!A:M,13,FALSE) -> Terminé | X30: =VLOOKUP($A30,Database!$A:$Y,20,FALSE) -> 2 | Y30: =VLOOKUP($A30,Database!$A:$Y,21,FALSE) -> 0 | Z30: =IF(A30=0,0,IF(W30="À venir",0,IF(AND(ISBLANK(P30),ISBLANK(Q30)),1,0))) -> 0 | AA30: =IF(OR(ISBLANK(P30),ISBLANK(Q30)),"",IF(OR(AND(P30>Q30,X30>Y30),AND(P30=Q30,X30=Y30),AND(P30<Q30,X30<Y30)),1,0)) -> 1 | AB30: =IF(C30<NOW(),IF(AND(P30>Q30,X30>Y30),T30,IF(AND(P30=Q30,X30=Y30),U30,IF(AND(P30<Q30,X30<Y30),V30,0))),"") -> 49 | AC30: =IF(AND(P30=X30,Q30=Y30,NOT(ISBLANK(P30)),NOT(ISBLANK(Q30)),NOT(ISBLANK(X30)),NOT(ISBLANK(AB30))),1,0) -> 0 | AD30: =IF(AC30=0,"",IF(OR(ISBLANK(P30),ISBLANK(Q30)),"",IF(ISBLANK(VLOOKUP(A30,Database!A:AA,22,FALSE)),"",VLOOKUP(A30,Database!A:AA,22,FALSE)))) | AE30: =IFERROR( IF( OR(ISBLANK(P30),ISBLANK(Q30)), "", IF( AND(AB30<>"",OR(W30="Terminé",W30="En cours")), VLOOKUP(AD30,Setup_ScoreExactBonus!A:D,4,FALSE), 0 )), 0) -> 0 | AF30: =IFERROR(IF(OR(ISBLANK(P30),ISBLANK(Q30)),0,IF(AB30<>"", AB30 + IF(AC30=1,AE30, 0), "") * (S30+1)),"") -> 49 | AG30: =SUMIFS(AF$2:AF30,D$2:D30,D30) -> 49
A31: =IF(ISBLANK(B31),"",COUNTIF(B$2:B31,B31))-1 -> 1 | B31: 3 | C31: =VLOOKUP($A31+IF($A31=0,1,0),Database!$A:$Y,7,FALSE) -> 46184.875 | D31: =VLOOKUP(Pronostics!$B31,Setup_MPP!$A:$G,3,FALSE) -> PasMetalleux | E31: =VLOOKUP(Pronostics!$B31,Setup_MPP!$A:$G,2,FALSE) -> Elwenn JOUBREL | F31: =VLOOKUP($B31,Setup_MPP!$A:$E,4,FALSE) -> #F5C7FC | G31: =VLOOKUP($B31,Setup_MPP!$A:$E,5,FALSE) -> #C489CF | H31: =IFERROR(IF(AND(A31>=1,A31<=104),VLOOKUP($A31,Location!$A:$J,6,FALSE),IF(A31=0,"Avant l'ouverture",IF(OR(A31=105,A31=106),"Bonus"))),"") -> Tour 1 | I31: =IF(LEFT(H31,4)="Tour",VLOOKUP(A31,Database!$A:$C,3,FALSE),"") -> A | J31: =VLOOKUP($A31,Location!$A:$J,7,FALSE) -> Mexique | K31: =IFERROR(VLOOKUP(J31,Setup_Team!$B:$C,2,FALSE), "TDB") -> MEX | L31: =VLOOKUP($A31,Location!$A:$J,8,FALSE) -> Afrique du Sud | M31: =IFERROR(VLOOKUP(L31,Setup_Team!$B:$C,2,FALSE), "TDB") -> ZAF | N31: =VLOOKUP($A31,Location!$A:$J,9,FALSE) -> Mexique City | O31: =VLOOKUP($A31,Location!$A:$J,10,FALSE) -> Estadio Azteca | P31: 2 | Q31: 0 | R31: =IF(AND(A31>0,A31<=104,W31="Terminé"),TEXT(P31,"0")&"-"&TEXT(Q31,"0"),"") -> 2-0 | S31: 0 | T31: =VLOOKUP($A31,Database!$A:$Y,10,FALSE) -> 49 | U31: =VLOOKUP($A31,Database!$A:$Y,11,FALSE) -> 125 | V31: =VLOOKUP($A31,Database!$A:$Y,12,FALSE) -> 148 | W31: =VLOOKUP(A31,Database!A:M,13,FALSE) -> Terminé | X31: =VLOOKUP($A31,Database!$A:$Y,20,FALSE) -> 2 | Y31: =VLOOKUP($A31,Database!$A:$Y,21,FALSE) -> 0 | Z31: =IF(A31=0,0,IF(W31="À venir",0,IF(AND(ISBLANK(P31),ISBLANK(Q31)),1,0))) -> 0 | AA31: =IF(OR(ISBLANK(P31),ISBLANK(Q31)),"",IF(OR(AND(P31>Q31,X31>Y31),AND(P31=Q31,X31=Y31),AND(P31<Q31,X31<Y31)),1,0)) -> 1 | AB31: =IF(C31<NOW(),IF(AND(P31>Q31,X31>Y31),T31,IF(AND(P31=Q31,X31=Y31),U31,IF(AND(P31<Q31,X31<Y31),V31,0))),"") -> 49 | AC31: =IF(AND(P31=X31,Q31=Y31,NOT(ISBLANK(P31)),NOT(ISBLANK(Q31)),NOT(ISBLANK(X31)),NOT(ISBLANK(AB31))),1,0) -> 1 | AD31: =IF(AC31=0,"",IF(OR(ISBLANK(P31),ISBLANK(Q31)),"",IF(ISBLANK(VLOOKUP(A31,Database!A:AA,22,FALSE)),"",VLOOKUP(A31,Database!A:AA,22,FALSE)))) -> Exact | AE31: =IFERROR( IF( OR(ISBLANK(P31),ISBLANK(Q31)), "", IF( AND(AB31<>"",OR(W31="Terminé",W31="En cours")), VLOOKUP(AD31,Setup_ScoreExactBonus!A:D,4,FALSE), 0 )), 0) -> 20 | AF31: =IFERROR(IF(OR(ISBLANK(P31),ISBLANK(Q31)),0,IF(AB31<>"", AB31 + IF(AC31=1,AE31, 0), "") * (S31+1)),"") -> 69 | AG31: =SUMIFS(AF$2:AF31,D$2:D31,D31) -> 69
A32: =IF(ISBLANK(B32),"",COUNTIF(B$2:B32,B32))-1 -> 1 | B32: 4 | C32: =VLOOKUP($A32+IF($A32=0,1,0),Database!$A:$Y,7,FALSE) -> 46184.875 | D32: =VLOOKUP(Pronostics!$B32,Setup_MPP!$A:$G,3,FALSE) -> Popo444 | E32: =VLOOKUP(Pronostics!$B32,Setup_MPP!$A:$G,2,FALSE) -> Pauline OLIVIER | F32: =VLOOKUP($B32,Setup_MPP!$A:$E,4,FALSE) -> #A5EA7F | G32: =VLOOKUP($B32,Setup_MPP!$A:$E,5,FALSE) -> #80C65A | H32: =IFERROR(IF(AND(A32>=1,A32<=104),VLOOKUP($A32,Location!$A:$J,6,FALSE),IF(A32=0,"Avant l'ouverture",IF(OR(A32=105,A32=106),"Bonus"))),"") -> Tour 1 | I32: =IF(LEFT(H32,4)="Tour",VLOOKUP(A32,Database!$A:$C,3,FALSE),"") -> A | J32: =VLOOKUP($A32,Location!$A:$J,7,FALSE) -> Mexique | K32: =IFERROR(VLOOKUP(J32,Setup_Team!$B:$C,2,FALSE), "TDB") -> MEX | L32: =VLOOKUP($A32,Location!$A:$J,8,FALSE) -> Afrique du Sud | M32: =IFERROR(VLOOKUP(L32,Setup_Team!$B:$C,2,FALSE), "TDB") -> ZAF | N32: =VLOOKUP($A32,Location!$A:$J,9,FALSE) -> Mexique City | O32: =VLOOKUP($A32,Location!$A:$J,10,FALSE) -> Estadio Azteca | P32: 2 | Q32: 0 | R32: =IF(AND(A32>0,A32<=104,W32="Terminé"),TEXT(P32,"0")&"-"&TEXT(Q32,"0"),"") -> 2-0 | S32: 0 | T32: =VLOOKUP($A32,Database!$A:$Y,10,FALSE) -> 49 | U32: =VLOOKUP($A32,Database!$A:$Y,11,FALSE) -> 125 | V32: =VLOOKUP($A32,Database!$A:$Y,12,FALSE) -> 148 | W32: =VLOOKUP(A32,Database!A:M,13,FALSE) -> Terminé | X32: =VLOOKUP($A32,Database!$A:$Y,20,FALSE) -> 2 | Y32: =VLOOKUP($A32,Database!$A:$Y,21,FALSE) -> 0 | Z32: =IF(A32=0,0,IF(W32="À venir",0,IF(AND(ISBLANK(P32),ISBLANK(Q32)),1,0))) -> 0 | AA32: =IF(OR(ISBLANK(P32),ISBLANK(Q32)),"",IF(OR(AND(P32>Q32,X32>Y32),AND(P32=Q32,X32=Y32),AND(P32<Q32,X32<Y32)),1,0)) -> 1 | AB32: =IF(C32<NOW(),IF(AND(P32>Q32,X32>Y32),T32,IF(AND(P32=Q32,X32=Y32),U32,IF(AND(P32<Q32,X32<Y32),V32,0))),"") -> 49 | AC32: =IF(AND(P32=X32,Q32=Y32,NOT(ISBLANK(P32)),NOT(ISBLANK(Q32)),NOT(ISBLANK(X32)),NOT(ISBLANK(AB32))),1,0) -> 1 | AD32: =IF(AC32=0,"",IF(OR(ISBLANK(P32),ISBLANK(Q32)),"",IF(ISBLANK(VLOOKUP(A32,Database!A:AA,22,FALSE)),"",VLOOKUP(A32,Database!A:AA,22,FALSE)))) -> Exact | AE32: =IFERROR( IF( OR(ISBLANK(P32),ISBLANK(Q32)), "", IF( AND(AB32<>"",OR(W32="Terminé",W32="En cours")), VLOOKUP(AD32,Setup_ScoreExactBonus!A:D,4,FALSE), 0 )), 0) -> 20 | AF32: =IFERROR(IF(OR(ISBLANK(P32),ISBLANK(Q32)),0,IF(AB32<>"", AB32 + IF(AC32=1,AE32, 0), "") * (S32+1)),"") -> 69 | AG32: =SUMIFS(AF$2:AF32,D$2:D32,D32) -> 69
A33: =IF(ISBLANK(B33),"",COUNTIF(B$2:B33,B33))-1 -> 1 | B33: 5 | C33: =VLOOKUP($A33+IF($A33=0,1,0),Database!$A:$Y,7,FALSE) -> 46184.875 | D33: =VLOOKUP(Pronostics!$B33,Setup_MPP!$A:$G,3,FALSE) -> _Jujul | E33: =VLOOKUP(Pronostics!$B33,Setup_MPP!$A:$G,2,FALSE) -> Julie BOISSIERE | F33: =VLOOKUP($B33,Setup_MPP!$A:$E,4,FALSE) -> #D890FF | G33: =VLOOKUP($B33,Setup_MPP!$A:$E,5,FALSE) -> #B750EF | H33: =IFERROR(IF(AND(A33>=1,A33<=104),VLOOKUP($A33,Location!$A:$J,6,FALSE),IF(A33=0,"Avant l'ouverture",IF(OR(A33=105,A33=106),"Bonus"))),"") -> Tour 1 | I33: =IF(LEFT(H33,4)="Tour",VLOOKUP(A33,Database!$A:$C,3,FALSE),"") -> A | J33: =VLOOKUP($A33,Location!$A:$J,7,FALSE) -> Mexique | K33: =IFERROR(VLOOKUP(J33,Setup_Team!$B:$C,2,FALSE), "TDB") -> MEX | L33: =VLOOKUP($A33,Location!$A:$J,8,FALSE) -> Afrique du Sud | M33: =IFERROR(VLOOKUP(L33,Setup_Team!$B:$C,2,FALSE), "TDB") -> ZAF | N33: =VLOOKUP($A33,Location!$A:$J,9,FALSE) -> Mexique City | O33: =VLOOKUP($A33,Location!$A:$J,10,FALSE) -> Estadio Azteca | P33: 1 | Q33: 1 | R33: =IF(AND(A33>0,A33<=104,W33="Terminé"),TEXT(P33,"0")&"-"&TEXT(Q33,"0"),"") -> 1-1 | S33: 0 | T33: =VLOOKUP($A33,Database!$A:$Y,10,FALSE) -> 49 | U33: =VLOOKUP($A33,Database!$A:$Y,11,FALSE) -> 125 | V33: =VLOOKUP($A33,Database!$A:$Y,12,FALSE) -> 148 | W33: =VLOOKUP(A33,Database!A:M,13,FALSE) -> Terminé | X33: =VLOOKUP($A33,Database!$A:$Y,20,FALSE) -> 2 | Y33: =VLOOKUP($A33,Database!$A:$Y,21,FALSE) -> 0 | Z33: =IF(A33=0,0,IF(W33="À venir",0,IF(AND(ISBLANK(P33),ISBLANK(Q33)),1,0))) -> 0 | AA33: =IF(OR(ISBLANK(P33),ISBLANK(Q33)),"",IF(OR(AND(P33>Q33,X33>Y33),AND(P33=Q33,X33=Y33),AND(P33<Q33,X33<Y33)),1,0)) -> 0 | AB33: =IF(C33<NOW(),IF(AND(P33>Q33,X33>Y33),T33,IF(AND(P33=Q33,X33=Y33),U33,IF(AND(P33<Q33,X33<Y33),V33,0))),"") -> 0 | AC33: =IF(AND(P33=X33,Q33=Y33,NOT(ISBLANK(P33)),NOT(ISBLANK(Q33)),NOT(ISBLANK(X33)),NOT(ISBLANK(AB33))),1,0) -> 0 | AD33: =IF(AC33=0,"",IF(OR(ISBLANK(P33),ISBLANK(Q33)),"",IF(ISBLANK(VLOOKUP(A33,Database!A:AA,22,FALSE)),"",VLOOKUP(A33,Database!A:AA,22,FALSE)))) | AE33: =IFERROR( IF( OR(ISBLANK(P33),ISBLANK(Q33)), "", IF( AND(AB33<>"",OR(W33="Terminé",W33="En cours")), VLOOKUP(AD33,Setup_ScoreExactBonus!A:D,4,FALSE), 0 )), 0) -> 0 | AF33: =IFERROR(IF(OR(ISBLANK(P33),ISBLANK(Q33)),0,IF(AB33<>"", AB33 + IF(AC33=1,AE33, 0), "") * (S33+1)),"") -> 0 | AG33: =SUMIFS(AF$2:AF33,D$2:D33,D33) -> 0
A34: =IF(ISBLANK(B34),"",COUNTIF(B$2:B34,B34))-1 -> 1 | B34: 6 | C34: =VLOOKUP($A34+IF($A34=0,1,0),Database!$A:$Y,7,FALSE) -> 46184.875 | D34: =VLOOKUP(Pronostics!$B34,Setup_MPP!$A:$G,3,FALSE) -> Julay | E34: =VLOOKUP(Pronostics!$B34,Setup_MPP!$A:$G,2,FALSE) -> Julie BOUCHARD | F34: =VLOOKUP($B34,Setup_MPP!$A:$E,4,FALSE) -> #A6F7B1 | G34: =VLOOKUP($B34,Setup_MPP!$A:$E,5,FALSE) -> #6EC179 | H34: =IFERROR(IF(AND(A34>=1,A34<=104),VLOOKUP($A34,Location!$A:$J,6,FALSE),IF(A34=0,"Avant l'ouverture",IF(OR(A34=105,A34=106),"Bonus"))),"") -> Tour 1 | I34: =IF(LEFT(H34,4)="Tour",VLOOKUP(A34,Database!$A:$C,3,FALSE),"") -> A | J34: =VLOOKUP($A34,Location!$A:$J,7,FALSE) -> Mexique | K34: =IFERROR(VLOOKUP(J34,Setup_Team!$B:$C,2,FALSE), "TDB") -> MEX | L34: =VLOOKUP($A34,Location!$A:$J,8,FALSE) -> Afrique du Sud | M34: =IFERROR(VLOOKUP(L34,Setup_Team!$B:$C,2,FALSE), "TDB") -> ZAF | N34: =VLOOKUP($A34,Location!$A:$J,9,FALSE) -> Mexique City | O34: =VLOOKUP($A34,Location!$A:$J,10,FALSE) -> Estadio Azteca | P34: 2 | Q34: 1 | R34: =IF(AND(A34>0,A34<=104,W34="Terminé"),TEXT(P34,"0")&"-"&TEXT(Q34,"0"),"") -> 2-1 | S34: 0 | T34: =VLOOKUP($A34,Database!$A:$Y,10,FALSE) -> 49 | U34: =VLOOKUP($A34,Database!$A:$Y,11,FALSE) -> 125 | V34: =VLOOKUP($A34,Database!$A:$Y,12,FALSE) -> 148 | W34: =VLOOKUP(A34,Database!A:M,13,FALSE) -> Terminé | X34: =VLOOKUP($A34,Database!$A:$Y,20,FALSE) -> 2 | Y34: =VLOOKUP($A34,Database!$A:$Y,21,FALSE) -> 0 | Z34: =IF(A34=0,0,IF(W34="À venir",0,IF(AND(ISBLANK(P34),ISBLANK(Q34)),1,0))) -> 0 | AA34: =IF(OR(ISBLANK(P34),ISBLANK(Q34)),"",IF(OR(AND(P34>Q34,X34>Y34),AND(P34=Q34,X34=Y34),AND(P34<Q34,X34<Y34)),1,0)) -> 1 | AB34: =IF(C34<NOW(),IF(AND(P34>Q34,X34>Y34),T34,IF(AND(P34=Q34,X34=Y34),U34,IF(AND(P34<Q34,X34<Y34),V34,0))),"") -> 49 | AC34: =IF(AND(P34=X34,Q34=Y34,NOT(ISBLANK(P34)),NOT(ISBLANK(Q34)),NOT(ISBLANK(X34)),NOT(ISBLANK(AB34))),1,0) -> 0 | AD34: =IF(AC34=0,"",IF(OR(ISBLANK(P34),ISBLANK(Q34)),"",IF(ISBLANK(VLOOKUP(A34,Database!A:AA,22,FALSE)),"",VLOOKUP(A34,Database!A:AA,22,FALSE)))) | AE34: =IFERROR( IF( OR(ISBLANK(P34),ISBLANK(Q34)), "", IF( AND(AB34<>"",OR(W34="Terminé",W34="En cours")), VLOOKUP(AD34,Setup_ScoreExactBonus!A:D,4,FALSE), 0 )), 0) -> 0 | AF34: =IFERROR(IF(OR(ISBLANK(P34),ISBLANK(Q34)),0,IF(AB34<>"", AB34 + IF(AC34=1,AE34, 0), "") * (S34+1)),"") -> 49 | AG34: =SUMIFS(AF$2:AF34,D$2:D34,D34) -> 49
A35: =IF(ISBLANK(B35),"",COUNTIF(B$2:B35,B35))-1 -> 1 | B35: 7 | C35: =VLOOKUP($A35+IF($A35=0,1,0),Database!$A:$Y,7,FALSE) -> 46184.875 | D35: =VLOOKUP(Pronostics!$B35,Setup_MPP!$A:$G,3,FALSE) -> __Vince__ | E35: =VLOOKUP(Pronostics!$B35,Setup_MPP!$A:$G,2,FALSE) -> Vincent FRAYSSE | F35: =VLOOKUP($B35,Setup_MPP!$A:$E,4,FALSE) -> #B2EAE8 | G35: =VLOOKUP($B35,Setup_MPP!$A:$E,5,FALSE) -> #6CB4B1 | H35: =IFERROR(IF(AND(A35>=1,A35<=104),VLOOKUP($A35,Location!$A:$J,6,FALSE),IF(A35=0,"Avant l'ouverture",IF(OR(A35=105,A35=106),"Bonus"))),"") -> Tour 1 | I35: =IF(LEFT(H35,4)="Tour",VLOOKUP(A35,Database!$A:$C,3,FALSE),"") -> A | J35: =VLOOKUP($A35,Location!$A:$J,7,FALSE) -> Mexique | K35: =IFERROR(VLOOKUP(J35,Setup_Team!$B:$C,2,FALSE), "TDB") -> MEX | L35: =VLOOKUP($A35,Location!$A:$J,8,FALSE) -> Afrique du Sud | M35: =IFERROR(VLOOKUP(L35,Setup_Team!$B:$C,2,FALSE), "TDB") -> ZAF | N35: =VLOOKUP($A35,Location!$A:$J,9,FALSE) -> Mexique City | O35: =VLOOKUP($A35,Location!$A:$J,10,FALSE) -> Estadio Azteca | P35: 2 | Q35: 1 | R35: =IF(AND(A35>0,A35<=104,W35="Terminé"),TEXT(P35,"0")&"-"&TEXT(Q35,"0"),"") -> 2-1 | S35: 0 | T35: =VLOOKUP($A35,Database!$A:$Y,10,FALSE) -> 49 | U35: =VLOOKUP($A35,Database!$A:$Y,11,FALSE) -> 125 | V35: =VLOOKUP($A35,Database!$A:$Y,12,FALSE) -> 148 | W35: =VLOOKUP(A35,Database!A:M,13,FALSE) -> Terminé | X35: =VLOOKUP($A35,Database!$A:$Y,20,FALSE) -> 2 | Y35: =VLOOKUP($A35,Database!$A:$Y,21,FALSE) -> 0 | Z35: =IF(A35=0,0,IF(W35="À venir",0,IF(AND(ISBLANK(P35),ISBLANK(Q35)),1,0))) -> 0 | AA35: =IF(OR(ISBLANK(P35),ISBLANK(Q35)),"",IF(OR(AND(P35>Q35,X35>Y35),AND(P35=Q35,X35=Y35),AND(P35<Q35,X35<Y35)),1,0)) -> 1 | AB35: =IF(C35<NOW(),IF(AND(P35>Q35,X35>Y35),T35,IF(AND(P35=Q35,X35=Y35),U35,IF(AND(P35<Q35,X35<Y35),V35,0))),"") -> 49 | AC35: =IF(AND(P35=X35,Q35=Y35,NOT(ISBLANK(P35)),NOT(ISBLANK(Q35)),NOT(ISBLANK(X35)),NOT(ISBLANK(AB35))),1,0) -> 0 | AD35: =IF(AC35=0,"",IF(OR(ISBLANK(P35),ISBLANK(Q35)),"",IF(ISBLANK(VLOOKUP(A35,Database!A:AA,22,FALSE)),"",VLOOKUP(A35,Database!A:AA,22,FALSE)))) | AE35: =IFERROR( IF( OR(ISBLANK(P35),ISBLANK(Q35)), "", IF( AND(AB35<>"",OR(W35="Terminé",W35="En cours")), VLOOKUP(AD35,Setup_ScoreExactBonus!A:D,4,FALSE), 0 )), 0) -> 0 | AF35: =IFERROR(IF(OR(ISBLANK(P35),ISBLANK(Q35)),0,IF(AB35<>"", AB35 + IF(AC35=1,AE35, 0), "") * (S35+1)),"") -> 49 | AG35: =SUMIFS(AF$2:AF35,D$2:D35,D35) -> 49
A36: =IF(ISBLANK(B36),"",COUNTIF(B$2:B36,B36))-1 -> 1 | B36: 8 | C36: =VLOOKUP($A36+IF($A36=0,1,0),Database!$A:$Y,7,FALSE) -> 46184.875 | D36: =VLOOKUP(Pronostics!$B36,Setup_MPP!$A:$G,3,FALSE) -> Louuiiis | E36: =VLOOKUP(Pronostics!$B36,Setup_MPP!$A:$G,2,FALSE) -> Louis HARLE | F36: =VLOOKUP($B36,Setup_MPP!$A:$E,4,FALSE) -> #EEF7B1 | G36: =VLOOKUP($B36,Setup_MPP!$A:$E,5,FALSE) -> #C1CB7D | H36: =IFERROR(IF(AND(A36>=1,A36<=104),VLOOKUP($A36,Location!$A:$J,6,FALSE),IF(A36=0,"Avant l'ouverture",IF(OR(A36=105,A36=106),"Bonus"))),"") -> Tour 1 | I36: =IF(LEFT(H36,4)="Tour",VLOOKUP(A36,Database!$A:$C,3,FALSE),"") -> A | J36: =VLOOKUP($A36,Location!$A:$J,7,FALSE) -> Mexique | K36: =IFERROR(VLOOKUP(J36,Setup_Team!$B:$C,2,FALSE), "TDB") -> MEX | L36: =VLOOKUP($A36,Location!$A:$J,8,FALSE) -> Afrique du Sud | M36: =IFERROR(VLOOKUP(L36,Setup_Team!$B:$C,2,FALSE), "TDB") -> ZAF | N36: =VLOOKUP($A36,Location!$A:$J,9,FALSE) -> Mexique City | O36: =VLOOKUP($A36,Location!$A:$J,10,FALSE) -> Estadio Azteca | P36: 2 | Q36: 0 | R36: =IF(AND(A36>0,A36<=104,W36="Terminé"),TEXT(P36,"0")&"-"&TEXT(Q36,"0"),"") -> 2-0 | S36: 0 | T36: =VLOOKUP($A36,Database!$A:$Y,10,FALSE) -> 49 | U36: =VLOOKUP($A36,Database!$A:$Y,11,FALSE) -> 125 | V36: =VLOOKUP($A36,Database!$A:$Y,12,FALSE) -> 148 | W36: =VLOOKUP(A36,Database!A:M,13,FALSE) -> Terminé | X36: =VLOOKUP($A36,Database!$A:$Y,20,FALSE) -> 2 | Y36: =VLOOKUP($A36,Database!$A:$Y,21,FALSE) -> 0 | Z36: =IF(A36=0,0,IF(W36="À venir",0,IF(AND(ISBLANK(P36),ISBLANK(Q36)),1,0))) -> 0 | AA36: =IF(OR(ISBLANK(P36),ISBLANK(Q36)),"",IF(OR(AND(P36>Q36,X36>Y36),AND(P36=Q36,X36=Y36),AND(P36<Q36,X36<Y36)),1,0)) -> 1 | AB36: =IF(C36<NOW(),IF(AND(P36>Q36,X36>Y36),T36,IF(AND(P36=Q36,X36=Y36),U36,IF(AND(P36<Q36,X36<Y36),V36,0))),"") -> 49 | AC36: =IF(AND(P36=X36,Q36=Y36,NOT(ISBLANK(P36)),NOT(ISBLANK(Q36)),NOT(ISBLANK(X36)),NOT(ISBLANK(AB36))),1,0) -> 1 | AD36: =IF(AC36=0,"",IF(OR(ISBLANK(P36),ISBLANK(Q36)),"",IF(ISBLANK(VLOOKUP(A36,Database!A:AA,22,FALSE)),"",VLOOKUP(A36,Database!A:AA,22,FALSE)))) -> Exact | AE36: =IFERROR( IF( OR(ISBLANK(P36),ISBLANK(Q36)), "", IF( AND(AB36<>"",OR(W36="Terminé",W36="En cours")), VLOOKUP(AD36,Setup_ScoreExactBonus!A:D,4,FALSE), 0 )), 0) -> 20 | AF36: =IFERROR(IF(OR(ISBLANK(P36),ISBLANK(Q36)),0,IF(AB36<>"", AB36 + IF(AC36=1,AE36, 0), "") * (S36+1)),"") -> 69 | AG36: =SUMIFS(AF$2:AF36,D$2:D36,D36) -> 69
A37: =IF(ISBLANK(B37),"",COUNTIF(B$2:B37,B37))-1 -> 1 | B37: 9 | C37: =VLOOKUP($A37+IF($A37=0,1,0),Database!$A:$Y,7,FALSE) -> 46184.875 | D37: =VLOOKUP(Pronostics!$B37,Setup_MPP!$A:$G,3,FALSE) -> Aurelien_dpq | E37: =VLOOKUP(Pronostics!$B37,Setup_MPP!$A:$G,2,FALSE) -> Aurélien DE POULPIQUET | F37: =VLOOKUP($B37,Setup_MPP!$A:$E,4,FALSE) -> #F4EA9D | G37: =VLOOKUP($B37,Setup_MPP!$A:$E,5,FALSE) -> #D2C458 | H37: =IFERROR(IF(AND(A37>=1,A37<=104),VLOOKUP($A37,Location!$A:$J,6,FALSE),IF(A37=0,"Avant l'ouverture",IF(OR(A37=105,A37=106),"Bonus"))),"") -> Tour 1 | I37: =IF(LEFT(H37,4)="Tour",VLOOKUP(A37,Database!$A:$C,3,FALSE),"") -> A | J37: =VLOOKUP($A37,Location!$A:$J,7,FALSE) -> Mexique | K37: =IFERROR(VLOOKUP(J37,Setup_Team!$B:$C,2,FALSE), "TDB") -> MEX | L37: =VLOOKUP($A37,Location!$A:$J,8,FALSE) -> Afrique du Sud | M37: =IFERROR(VLOOKUP(L37,Setup_Team!$B:$C,2,FALSE), "TDB") -> ZAF | N37: =VLOOKUP($A37,Location!$A:$J,9,FALSE) -> Mexique City | O37: =VLOOKUP($A37,Location!$A:$J,10,FALSE) -> Estadio Azteca | P37: 2 | Q37: 1 | R37: =IF(AND(A37>0,A37<=104,W37="Terminé"),TEXT(P37,"0")&"-"&TEXT(Q37,"0"),"") -> 2-1 | S37: 0 | T37: =VLOOKUP($A37,Database!$A:$Y,10,FALSE) -> 49 | U37: =VLOOKUP($A37,Database!$A:$Y,11,FALSE) -> 125 | V37: =VLOOKUP($A37,Database!$A:$Y,12,FALSE) -> 148 | W37: =VLOOKUP(A37,Database!A:M,13,FALSE) -> Terminé | X37: =VLOOKUP($A37,Database!$A:$Y,20,FALSE) -> 2 | Y37: =VLOOKUP($A37,Database!$A:$Y,21,FALSE) -> 0 | Z37: =IF(A37=0,0,IF(W37="À venir",0,IF(AND(ISBLANK(P37),ISBLANK(Q37)),1,0))) -> 0 | AA37: =IF(OR(ISBLANK(P37),ISBLANK(Q37)),"",IF(OR(AND(P37>Q37,X37>Y37),AND(P37=Q37,X37=Y37),AND(P37<Q37,X37<Y37)),1,0)) -> 1 | AB37: =IF(C37<NOW(),IF(AND(P37>Q37,X37>Y37),T37,IF(AND(P37=Q37,X37=Y37),U37,IF(AND(P37<Q37,X37<Y37),V37,0))),"") -> 49 | AC37: =IF(AND(P37=X37,Q37=Y37,NOT(ISBLANK(P37)),NOT(ISBLANK(Q37)),NOT(ISBLANK(X37)),NOT(ISBLANK(AB37))),1,0) -> 0 | AD37: =IF(AC37=0,"",IF(OR(ISBLANK(P37),ISBLANK(Q37)),"",IF(ISBLANK(VLOOKUP(A37,Database!A:AA,22,FALSE)),"",VLOOKUP(A37,Database!A:AA,22,FALSE)))) | AE37: =IFERROR( IF( OR(ISBLANK(P37),ISBLANK(Q37)), "", IF( AND(AB37<>"",OR(W37="Terminé",W37="En cours")), VLOOKUP(AD37,Setup_ScoreExactBonus!A:D,4,FALSE), 0 )), 0) -> 0 | AF37: =IFERROR(IF(OR(ISBLANK(P37),ISBLANK(Q37)),0,IF(AB37<>"", AB37 + IF(AC37=1,AE37, 0), "") * (S37+1)),"") -> 49 | AG37: =SUMIFS(AF$2:AF37,D$2:D37,D37) -> 49
A38: =IF(ISBLANK(B38),"",COUNTIF(B$2:B38,B38))-1 -> 1 | B38: 10 | C38: =VLOOKUP($A38+IF($A38=0,1,0),Database!$A:$Y,7,FALSE) -> 46184.875 | D38: =VLOOKUP(Pronostics!$B38,Setup_MPP!$A:$G,3,FALSE) -> RandomPaul | E38: =VLOOKUP(Pronostics!$B38,Setup_MPP!$A:$G,2,FALSE) -> Paul MONTESINOS | F38: =VLOOKUP($B38,Setup_MPP!$A:$E,4,FALSE) -> #C4B0FF | G38: =VLOOKUP($B38,Setup_MPP!$A:$E,5,FALSE) -> #7F66C8 | H38: =IFERROR(IF(AND(A38>=1,A38<=104),VLOOKUP($A38,Location!$A:$J,6,FALSE),IF(A38=0,"Avant l'ouverture",IF(OR(A38=105,A38=106),"Bonus"))),"") -> Tour 1 | I38: =IF(LEFT(H38,4)="Tour",VLOOKUP(A38,Database!$A:$C,3,FALSE),"") -> A | J38: =VLOOKUP($A38,Location!$A:$J,7,FALSE) -> Mexique | K38: =IFERROR(VLOOKUP(J38,Setup_Team!$B:$C,2,FALSE), "TDB") -> MEX | L38: =VLOOKUP($A38,Location!$A:$J,8,FALSE) -> Afrique du Sud | M38: =IFERROR(VLOOKUP(L38,Setup_Team!$B:$C,2,FALSE), "TDB") -> ZAF | N38: =VLOOKUP($A38,Location!$A:$J,9,FALSE) -> Mexique City | O38: =VLOOKUP($A38,Location!$A:$J,10,FALSE) -> Estadio Azteca | P38: 2 | Q38: 0 | R38: =IF(AND(A38>0,A38<=104,W38="Terminé"),TEXT(P38,"0")&"-"&TEXT(Q38,"0"),"") -> 2-0 | S38: 0 | T38: =VLOOKUP($A38,Database!$A:$Y,10,FALSE) -> 49 | U38: =VLOOKUP($A38,Database!$A:$Y,11,FALSE) -> 125 | V38: =VLOOKUP($A38,Database!$A:$Y,12,FALSE) -> 148 | W38: =VLOOKUP(A38,Database!A:M,13,FALSE) -> Terminé | X38: =VLOOKUP($A38,Database!$A:$Y,20,FALSE) -> 2 | Y38: =VLOOKUP($A38,Database!$A:$Y,21,FALSE) -> 0 | Z38: =IF(A38=0,0,IF(W38="À venir",0,IF(AND(ISBLANK(P38),ISBLANK(Q38)),1,0))) -> 0 | AA38: =IF(OR(ISBLANK(P38),ISBLANK(Q38)),"",IF(OR(AND(P38>Q38,X38>Y38),AND(P38=Q38,X38=Y38),AND(P38<Q38,X38<Y38)),1,0)) -> 1 | AB38: =IF(C38<NOW(),IF(AND(P38>Q38,X38>Y38),T38,IF(AND(P38=Q38,X38=Y38),U38,IF(AND(P38<Q38,X38<Y38),V38,0))),"") -> 49 | AC38: =IF(AND(P38=X38,Q38=Y38,NOT(ISBLANK(P38)),NOT(ISBLANK(Q38)),NOT(ISBLANK(X38)),NOT(ISBLANK(AB38))),1,0) -> 1 | AD38: =IF(AC38=0,"",IF(OR(ISBLANK(P38),ISBLANK(Q38)),"",IF(ISBLANK(VLOOKUP(A38,Database!A:AA,22,FALSE)),"",VLOOKUP(A38,Database!A:AA,22,FALSE)))) -> Exact | AE38: =IFERROR( IF( OR(ISBLANK(P38),ISBLANK(Q38)), "", IF( AND(AB38<>"",OR(W38="Terminé",W38="En cours")), VLOOKUP(AD38,Setup_ScoreExactBonus!A:D,4,FALSE), 0 )), 0) -> 20 | AF38: =IFERROR(IF(OR(ISBLANK(P38),ISBLANK(Q38)),0,IF(AB38<>"", AB38 + IF(AC38=1,AE38, 0), "") * (S38+1)),"") -> 69 | AG38: =SUMIFS(AF$2:AF38,D$2:D38,D38) -> 69
A39: =IF(ISBLANK(B39),"",COUNTIF(B$2:B39,B39))-1 -> 1 | B39: 11 | C39: =VLOOKUP($A39+IF($A39=0,1,0),Database!$A:$Y,7,FALSE) -> 46184.875 | D39: =VLOOKUP(Pronostics!$B39,Setup_MPP!$A:$G,3,FALSE) -> Kinsley91 | E39: =VLOOKUP(Pronostics!$B39,Setup_MPP!$A:$G,2,FALSE) -> Kinsley ROQUE | F39: =VLOOKUP($B39,Setup_MPP!$A:$E,4,FALSE) -> #CBEBBA | G39: =VLOOKUP($B39,Setup_MPP!$A:$E,5,FALSE) -> #70BC6E | H39: =IFERROR(IF(AND(A39>=1,A39<=104),VLOOKUP($A39,Location!$A:$J,6,FALSE),IF(A39=0,"Avant l'ouverture",IF(OR(A39=105,A39=106),"Bonus"))),"") -> Tour 1 | I39: =IF(LEFT(H39,4)="Tour",VLOOKUP(A39,Database!$A:$C,3,FALSE),"") -> A | J39: =VLOOKUP($A39,Location!$A:$J,7,FALSE) -> Mexique | K39: =IFERROR(VLOOKUP(J39,Setup_Team!$B:$C,2,FALSE), "TDB") -> MEX | L39: =VLOOKUP($A39,Location!$A:$J,8,FALSE) -> Afrique du Sud | M39: =IFERROR(VLOOKUP(L39,Setup_Team!$B:$C,2,FALSE), "TDB") -> ZAF | N39: =VLOOKUP($A39,Location!$A:$J,9,FALSE) -> Mexique City | O39: =VLOOKUP($A39,Location!$A:$J,10,FALSE) -> Estadio Azteca | P39: 0 | Q39: 1 | R39: =IF(AND(A39>0,A39<=104,W39="Terminé"),TEXT(P39,"0")&"-"&TEXT(Q39,"0"),"") -> 0-1 | S39: 0 | T39: =VLOOKUP($A39,Database!$A:$Y,10,FALSE) -> 49 | U39: =VLOOKUP($A39,Database!$A:$Y,11,FALSE) -> 125 | V39: =VLOOKUP($A39,Database!$A:$Y,12,FALSE) -> 148 | W39: =VLOOKUP(A39,Database!A:M,13,FALSE) -> Terminé | X39: =VLOOKUP($A39,Database!$A:$Y,20,FALSE) -> 2 | Y39: =VLOOKUP($A39,Database!$A:$Y,21,FALSE) -> 0 | Z39: =IF(A39=0,0,IF(W39="À venir",0,IF(AND(ISBLANK(P39),ISBLANK(Q39)),1,0))) -> 0 | AA39: =IF(OR(ISBLANK(P39),ISBLANK(Q39)),"",IF(OR(AND(P39>Q39,X39>Y39),AND(P39=Q39,X39=Y39),AND(P39<Q39,X39<Y39)),1,0)) -> 0 | AB39: =IF(C39<NOW(),IF(AND(P39>Q39,X39>Y39),T39,IF(AND(P39=Q39,X39=Y39),U39,IF(AND(P39<Q39,X39<Y39),V39,0))),"") -> 0 | AC39: =IF(AND(P39=X39,Q39=Y39,NOT(ISBLANK(P39)),NOT(ISBLANK(Q39)),NOT(ISBLANK(X39)),NOT(ISBLANK(AB39))),1,0) -> 0 | AD39: =IF(AC39=0,"",IF(OR(ISBLANK(P39),ISBLANK(Q39)),"",IF(ISBLANK(VLOOKUP(A39,Database!A:AA,22,FALSE)),"",VLOOKUP(A39,Database!A:AA,22,FALSE)))) | AE39: =IFERROR( IF( OR(ISBLANK(P39),ISBLANK(Q39)), "", IF( AND(AB39<>"",OR(W39="Terminé",W39="En cours")), VLOOKUP(AD39,Setup_ScoreExactBonus!A:D,4,FALSE), 0 )), 0) -> 0 | AF39: =IFERROR(IF(OR(ISBLANK(P39),ISBLANK(Q39)),0,IF(AB39<>"", AB39 + IF(AC39=1,AE39, 0), "") * (S39+1)),"") -> 0 | AG39: =SUMIFS(AF$2:AF39,D$2:D39,D39) -> 0
A40: =IF(ISBLANK(B40),"",COUNTIF(B$2:B40,B40))-1 -> 1 | B40: 12 | C40: =VLOOKUP($A40+IF($A40=0,1,0),Database!$A:$Y,7,FALSE) -> 46184.875 | D40: =VLOOKUP(Pronostics!$B40,Setup_MPP!$A:$G,3,FALSE) -> Jaouad1 | E40: =VLOOKUP(Pronostics!$B40,Setup_MPP!$A:$G,2,FALSE) -> Jaouad SETTI | F40: =VLOOKUP($B40,Setup_MPP!$A:$E,4,FALSE) -> #C2D4FF | G40: =VLOOKUP($B40,Setup_MPP!$A:$E,5,FALSE) -> #6586D5 | H40: =IFERROR(IF(AND(A40>=1,A40<=104),VLOOKUP($A40,Location!$A:$J,6,FALSE),IF(A40=0,"Avant l'ouverture",IF(OR(A40=105,A40=106),"Bonus"))),"") -> Tour 1 | I40: =IF(LEFT(H40,4)="Tour",VLOOKUP(A40,Database!$A:$C,3,FALSE),"") -> A | J40: =VLOOKUP($A40,Location!$A:$J,7,FALSE) -> Mexique | K40: =IFERROR(VLOOKUP(J40,Setup_Team!$B:$C,2,FALSE), "TDB") -> MEX | L40: =VLOOKUP($A40,Location!$A:$J,8,FALSE) -> Afrique du Sud | M40: =IFERROR(VLOOKUP(L40,Setup_Team!$B:$C,2,FALSE), "TDB") -> ZAF | N40: =VLOOKUP($A40,Location!$A:$J,9,FALSE) -> Mexique City | O40: =VLOOKUP($A40,Location!$A:$J,10,FALSE) -> Estadio Azteca | P40: 1 | Q40: 0 | R40: =IF(AND(A40>0,A40<=104,W40="Terminé"),TEXT(P40,"0")&"-"&TEXT(Q40,"0"),"") -> 1-0 | S40: 0 | T40: =VLOOKUP($A40,Database!$A:$Y,10,FALSE) -> 49 | U40: =VLOOKUP($A40,Database!$A:$Y,11,FALSE) -> 125 | V40: =VLOOKUP($A40,Database!$A:$Y,12,FALSE) -> 148 | W40: =VLOOKUP(A40,Database!A:M,13,FALSE) -> Terminé | X40: =VLOOKUP($A40,Database!$A:$Y,20,FALSE) -> 2 | Y40: =VLOOKUP($A40,Database!$A:$Y,21,FALSE) -> 0 | Z40: =IF(A40=0,0,IF(W40="À venir",0,IF(AND(ISBLANK(P40),ISBLANK(Q40)),1,0))) -> 0 | AA40: =IF(OR(ISBLANK(P40),ISBLANK(Q40)),"",IF(OR(AND(P40>Q40,X40>Y40),AND(P40=Q40,X40=Y40),AND(P40<Q40,X40<Y40)),1,0)) -> 1 | AB40: =IF(C40<NOW(),IF(AND(P40>Q40,X40>Y40),T40,IF(AND(P40=Q40,X40=Y40),U40,IF(AND(P40<Q40,X40<Y40),V40,0))),"") -> 49 | AC40: =IF(AND(P40=X40,Q40=Y40,NOT(ISBLANK(P40)),NOT(ISBLANK(Q40)),NOT(ISBLANK(X40)),NOT(ISBLANK(AB40))),1,0) -> 0 | AD40: =IF(AC40=0,"",IF(OR(ISBLANK(P40),ISBLANK(Q40)),"",IF(ISBLANK(VLOOKUP(A40,Database!A:AA,22,FALSE)),"",VLOOKUP(A40,Database!A:AA,22,FALSE)))) | AE40: =IFERROR( IF( OR(ISBLANK(P40),ISBLANK(Q40)), "", IF( AND(AB40<>"",OR(W40="Terminé",W40="En cours")), VLOOKUP(AD40,Setup_ScoreExactBonus!A:D,4,FALSE), 0 )), 0) -> 0 | AF40: =IFERROR(IF(OR(ISBLANK(P40),ISBLANK(Q40)),0,IF(AB40<>"", AB40 + IF(AC40=1,AE40, 0), "") * (S40+1)),"") -> 49 | AG40: =SUMIFS(AF$2:AF40,D$2:D40,D40) -> 49
... A51: =IF(ISBLANK(B51),"",COUNTIF(B$2:B51,B51))-1 -> 1 | B51: 23 | C51: =VLOOKUP($A51+IF($A51=0,1,0),Database!$A:$Y,7,FALSE) -> 46184.875 | D51: =VLOOKUP(Pronostics!$B51,Setup_MPP!$A:$G,3,FALSE) -> DJUDJUPRONO | E51: =VLOOKUP(Pronostics!$B51,Setup_MPP!$A:$G,2,FALSE) -> Juliette | F51: =VLOOKUP($B51,Setup_MPP!$A:$E,4,FALSE) -> #F2A2A2 | G51: =VLOOKUP($B51,Setup_MPP!$A:$E,5,FALSE) -> #C25D5D | H51: =IFERROR(IF(AND(A51>=1,A51<=104),VLOOKUP($A51,Location!$A:$J,6,FALSE),IF(A51=0,"Avant l'ouverture",IF(OR(A51=105,A51=106),"Bonus"))),"") -> Tour 1 | I51: =IF(LEFT(H51,4)="Tour",VLOOKUP(A51,Database!$A:$C,3,FALSE),"") -> A | J51: =VLOOKUP($A51,Location!$A:$J,7,FALSE) -> Mexique | K51: =IFERROR(VLOOKUP(J51,Setup_Team!$B:$C,2,FALSE), "TDB") -> MEX | L51: =VLOOKUP($A51,Location!$A:$J,8,FALSE) -> Afrique du Sud | M51: =IFERROR(VLOOKUP(L51,Setup_Team!$B:$C,2,FALSE), "TDB") -> ZAF | N51: =VLOOKUP($A51,Location!$A:$J,9,FALSE) -> Mexique City | O51: =VLOOKUP($A51,Location!$A:$J,10,FALSE) -> Estadio Azteca | P51: 2 | Q51: 0 | R51: =IF(AND(A51>0,A51<=104,W51="Terminé"),TEXT(P51,"0")&"-"&TEXT(Q51,"0"),"") -> 2-0 | S51: 0 | T51: =VLOOKUP($A51,Database!$A:$Y,10,FALSE) -> 49 | U51: =VLOOKUP($A51,Database!$A:$Y,11,FALSE) -> 125 | V51: =VLOOKUP($A51,Database!$A:$Y,12,FALSE) -> 148 | W51: =VLOOKUP(A51,Database!A:M,13,FALSE) -> Terminé | X51: =VLOOKUP($A51,Database!$A:$Y,20,FALSE) -> 2 | Y51: =VLOOKUP($A51,Database!$A:$Y,21,FALSE) -> 0 | Z51: =IF(A51=0,0,IF(W51="À venir",0,IF(AND(ISBLANK(P51),ISBLANK(Q51)),1,0))) -> 0 | AA51: =IF(OR(ISBLANK(P51),ISBLANK(Q51)),"",IF(OR(AND(P51>Q51,X51>Y51),AND(P51=Q51,X51=Y51),AND(P51<Q51,X51<Y51)),1,0)) -> 1 | AB51: =IF(C51<NOW(),IF(AND(P51>Q51,X51>Y51),T51,IF(AND(P51=Q51,X51=Y51),U51,IF(AND(P51<Q51,X51<Y51),V51,0))),"") -> 49 | AC51: =IF(AND(P51=X51,Q51=Y51,NOT(ISBLANK(P51)),NOT(ISBLANK(Q51)),NOT(ISBLANK(X51)),NOT(ISBLANK(AB51))),1,0) -> 1 | AD51: =IF(AC51=0,"",IF(OR(ISBLANK(P51),ISBLANK(Q51)),"",IF(ISBLANK(VLOOKUP(A51,Database!A:AA,22,FALSE)),"",VLOOKUP(A51,Database!A:AA,22,FALSE)))) -> Exact | AE51: =IFERROR( IF( OR(ISBLANK(P51),ISBLANK(Q51)), "", IF( AND(AB51<>"",OR(W51="Terminé",W51="En cours")), VLOOKUP(AD51,Setup_ScoreExactBonus!A:D,4,FALSE), 0 )), 0) -> 20 | AF51: =IFERROR(IF(OR(ISBLANK(P51),ISBLANK(Q51)),0,IF(AB51<>"", AB51 + IF(AC51=1,AE51, 0), "") * (S51+1)),"") -> 69 | AG51: =SUMIFS(AF$2:AF51,D$2:D51,D51) -> 69
A52: =IF(ISBLANK(B52),"",COUNTIF(B$2:B52,B52))-1 -> 1 | B52: 24 | C52: =VLOOKUP($A52+IF($A52=0,1,0),Database!$A:$Y,7,FALSE) -> 46184.875 | D52: =VLOOKUP(Pronostics!$B52,Setup_MPP!$A:$G,3,FALSE) -> Samyaaaaaaaaaa | E52: =VLOOKUP(Pronostics!$B52,Setup_MPP!$A:$G,2,FALSE) -> Samya ALAOUI | F52: =VLOOKUP($B52,Setup_MPP!$A:$E,4,FALSE) -> #A2F2C7 | G52: =VLOOKUP($B52,Setup_MPP!$A:$E,5,FALSE) -> #5DC18C | H52: =IFERROR(IF(AND(A52>=1,A52<=104),VLOOKUP($A52,Location!$A:$J,6,FALSE),IF(A52=0,"Avant l'ouverture",IF(OR(A52=105,A52=106),"Bonus"))),"") -> Tour 1 | I52: =IF(LEFT(H52,4)="Tour",VLOOKUP(A52,Database!$A:$C,3,FALSE),"") -> A | J52: =VLOOKUP($A52,Location!$A:$J,7,FALSE) -> Mexique | K52: =IFERROR(VLOOKUP(J52,Setup_Team!$B:$C,2,FALSE), "TDB") -> MEX | L52: =VLOOKUP($A52,Location!$A:$J,8,FALSE) -> Afrique du Sud | M52: =IFERROR(VLOOKUP(L52,Setup_Team!$B:$C,2,FALSE), "TDB") -> ZAF | N52: =VLOOKUP($A52,Location!$A:$J,9,FALSE) -> Mexique City | O52: =VLOOKUP($A52,Location!$A:$J,10,FALSE) -> Estadio Azteca | R52: =IF(AND(A52>0,A52<=104,W52="Terminé"),TEXT(P52,"0")&"-"&TEXT(Q52,"0"),"") -> 0-0 | S52: 0 | T52: =VLOOKUP($A52,Database!$A:$Y,10,FALSE) -> 49 | U52: =VLOOKUP($A52,Database!$A:$Y,11,FALSE) -> 125 | V52: =VLOOKUP($A52,Database!$A:$Y,12,FALSE) -> 148 | W52: =VLOOKUP(A52,Database!A:M,13,FALSE) -> Terminé | X52: =VLOOKUP($A52,Database!$A:$Y,20,FALSE) -> 2 | Y52: =VLOOKUP($A52,Database!$A:$Y,21,FALSE) -> 0 | Z52: =IF(A52=0,0,IF(W52="À venir",0,IF(AND(ISBLANK(P52),ISBLANK(Q52)),1,0))) -> 1 | AA52: =IF(OR(ISBLANK(P52),ISBLANK(Q52)),"",IF(OR(AND(P52>Q52,X52>Y52),AND(P52=Q52,X52=Y52),AND(P52<Q52,X52<Y52)),1,0)) | AB52: =IF(C52<NOW(),IF(AND(P52>Q52,X52>Y52),T52,IF(AND(P52=Q52,X52=Y52),U52,IF(AND(P52<Q52,X52<Y52),V52,0))),"") -> 0 | AC52: =IF(AND(P52=X52,Q52=Y52,NOT(ISBLANK(P52)),NOT(ISBLANK(Q52)),NOT(ISBLANK(X52)),NOT(ISBLANK(AB52))),1,0) -> 0 | AD52: =IF(AC52=0,"",IF(OR(ISBLANK(P52),ISBLANK(Q52)),"",IF(ISBLANK(VLOOKUP(A52,Database!A:AA,22,FALSE)),"",VLOOKUP(A52,Database!A:AA,22,FALSE)))) | AE52: =IFERROR( IF( OR(ISBLANK(P52),ISBLANK(Q52)), "", IF( AND(AB52<>"",OR(W52="Terminé",W52="En cours")), VLOOKUP(AD52,Setup_ScoreExactBonus!A:D,4,FALSE), 0 )), 0) | AF52: =IFERROR(IF(OR(ISBLANK(P52),ISBLANK(Q52)),0,IF(AB52<>"", AB52 + IF(AC52=1,AE52, 0), "") * (S52+1)),"") -> 0 | AG52: =SUMIFS(AF$2:AF52,D$2:D52,D52) -> 0
A53: =IF(ISBLANK(B53),"",COUNTIF(B$2:B53,B53))-1 -> 1 | B53: 25 | C53: =VLOOKUP($A53+IF($A53=0,1,0),Database!$A:$Y,7,FALSE) -> 46184.875 | D53: =VLOOKUP(Pronostics!$B53,Setup_MPP!$A:$G,3,FALSE) -> leaw0808 | E53: =VLOOKUP(Pronostics!$B53,Setup_MPP!$A:$G,2,FALSE) -> Léa WALOCQ | F53: =VLOOKUP($B53,Setup_MPP!$A:$E,4,FALSE) -> #D1B9EB | G53: =VLOOKUP($B53,Setup_MPP!$A:$E,5,FALSE) -> #B58BC7 | H53: =IFERROR(IF(AND(A53>=1,A53<=104),VLOOKUP($A53,Location!$A:$J,6,FALSE),IF(A53=0,"Avant l'ouverture",IF(OR(A53=105,A53=106),"Bonus"))),"") -> Tour 1 | I53: =IF(LEFT(H53,4)="Tour",VLOOKUP(A53,Database!$A:$C,3,FALSE),"") -> A | J53: =VLOOKUP($A53,Location!$A:$J,7,FALSE) -> Mexique | K53: =IFERROR(VLOOKUP(J53,Setup_Team!$B:$C,2,FALSE), "TDB") -> MEX | L53: =VLOOKUP($A53,Location!$A:$J,8,FALSE) -> Afrique du Sud | M53: =IFERROR(VLOOKUP(L53,Setup_Team!$B:$C,2,FALSE), "TDB") -> ZAF | N53: =VLOOKUP($A53,Location!$A:$J,9,FALSE) -> Mexique City | O53: =VLOOKUP($A53,Location!$A:$J,10,FALSE) -> Estadio Azteca | P53: 2 | Q53: 2 | R53: =IF(AND(A53>0,A53<=104,W53="Terminé"),TEXT(P53,"0")&"-"&TEXT(Q53,"0"),"") -> 2-2 | S53: 0 | T53: =VLOOKUP($A53,Database!$A:$Y,10,FALSE) -> 49 | U53: =VLOOKUP($A53,Database!$A:$Y,11,FALSE) -> 125 | V53: =VLOOKUP($A53,Database!$A:$Y,12,FALSE) -> 148 | W53: =VLOOKUP(A53,Database!A:M,13,FALSE) -> Terminé | X53: =VLOOKUP($A53,Database!$A:$Y,20,FALSE) -> 2 | Y53: =VLOOKUP($A53,Database!$A:$Y,21,FALSE) -> 0 | Z53: =IF(A53=0,0,IF(W53="À venir",0,IF(AND(ISBLANK(P53),ISBLANK(Q53)),1,0))) -> 0 | AA53: =IF(OR(ISBLANK(P53),ISBLANK(Q53)),"",IF(OR(AND(P53>Q53,X53>Y53),AND(P53=Q53,X53=Y53),AND(P53<Q53,X53<Y53)),1,0)) -> 0 | AB53: =IF(C53<NOW(),IF(AND(P53>Q53,X53>Y53),T53,IF(AND(P53=Q53,X53=Y53),U53,IF(AND(P53<Q53,X53<Y53),V53,0))),"") -> 0 | AC53: =IF(AND(P53=X53,Q53=Y53,NOT(ISBLANK(P53)),NOT(ISBLANK(Q53)),NOT(ISBLANK(X53)),NOT(ISBLANK(AB53))),1,0) -> 0 | AD53: =IF(AC53=0,"",IF(OR(ISBLANK(P53),ISBLANK(Q53)),"",IF(ISBLANK(VLOOKUP(A53,Database!A:AA,22,FALSE)),"",VLOOKUP(A53,Database!A:AA,22,FALSE)))) | AE53: =IFERROR( IF( OR(ISBLANK(P53),ISBLANK(Q53)), "", IF( AND(AB53<>"",OR(W53="Terminé",W53="En cours")), VLOOKUP(AD53,Setup_ScoreExactBonus!A:D,4,FALSE), 0 )), 0) -> 0 | AF53: =IFERROR(IF(OR(ISBLANK(P53),ISBLANK(Q53)),0,IF(AB53<>"", AB53 + IF(AC53=1,AE53, 0), "") * (S53+1)),"") -> 0 | AG53: =SUMIFS(AF$2:AF53,D$2:D53,D53) -> 0
A54: =IF(ISBLANK(B54),"",COUNTIF(B$2:B54,B54))-1 -> 1 | B54: 26 | C54: 46184.875 | D54: =VLOOKUP(Pronostics!$B54,Setup_MPP!$A:$G,3,FALSE) -> Mohamad#5GGG1 | E54: =VLOOKUP(Pronostics!$B54,Setup_MPP!$A:$G,2,FALSE) -> Mohamad EL KAWAS | F54: =VLOOKUP($B54,Setup_MPP!$A:$E,4,FALSE) -> #EB8787 | G54: =VLOOKUP($B54,Setup_MPP!$A:$E,5,FALSE) -> #368E2C | H54: =IFERROR(IF(AND(A54>=1,A54<=104),VLOOKUP($A54,Location!$A:$J,6,FALSE),IF(A54=0,"Avant l'ouverture",IF(OR(A54=105,A54=106),"Bonus"))),"") -> Tour 1 | I54: =IF(LEFT(H54,4)="Tour",VLOOKUP(A54,Database!$A:$C,3,FALSE),"") -> A | J54: =VLOOKUP($A54,Location!$A:$J,7,FALSE) -> Mexique | K54: =IFERROR(VLOOKUP(J54,Setup_Team!$B:$C,2,FALSE), "TDB") -> MEX | L54: =VLOOKUP($A54,Location!$A:$J,8,FALSE) -> Afrique du Sud | M54: =IFERROR(VLOOKUP(L54,Setup_Team!$B:$C,2,FALSE), "TDB") -> ZAF | P54: 3 | Q54: 1 | R54: =IF(AND(A54>0,A54<=104,W54="Terminé"),TEXT(P54,"0")&"-"&TEXT(Q54,"0"),"") -> 3-1 | S54: 0 | T54: =VLOOKUP($A54,Database!$A:$Y,10,FALSE) -> 49 | U54: =VLOOKUP($A54,Database!$A:$Y,11,FALSE) -> 125 | V54: =VLOOKUP($A54,Database!$A:$Y,12,FALSE) -> 148 | W54: =VLOOKUP(A54,Database!A:M,13,FALSE) -> Terminé | X54: =VLOOKUP($A54,Database!$A:$Y,20,FALSE) -> 2 | Y54: =VLOOKUP($A54,Database!$A:$Y,21,FALSE) -> 0 | Z54: =IF(A54=0,0,IF(W54="À venir",0,IF(AND(ISBLANK(P54),ISBLANK(Q54)),1,0))) -> 0 | AA54: =IF(OR(ISBLANK(P54),ISBLANK(Q54)),"",IF(OR(AND(P54>Q54,X54>Y54),AND(P54=Q54,X54=Y54),AND(P54<Q54,X54<Y54)),1,0)) -> 1 | AB54: =IF(C54<NOW(),IF(AND(P54>Q54,X54>Y54),T54,IF(AND(P54=Q54,X54=Y54),U54,IF(AND(P54<Q54,X54<Y54),V54,0))),"") -> 49 | AC54: =IF(AND(P54=X54,Q54=Y54,NOT(ISBLANK(P54)),NOT(ISBLANK(Q54)),NOT(ISBLANK(X54)),NOT(ISBLANK(AB54))),1,0) -> 0 | AD54: =IF(AC54=0,"",IF(OR(ISBLANK(P54),ISBLANK(Q54)),"",IF(ISBLANK(VLOOKUP(A54,Database!A:AA,22,FALSE)),"",VLOOKUP(A54,Database!A:AA,22,FALSE)))) | AE54: =IFERROR( IF( OR(ISBLANK(P54),ISBLANK(Q54)), "", IF( AND(AB54<>"",OR(W54="Terminé",W54="En cours")), VLOOKUP(AD54,Setup_ScoreExactBonus!A:D,4,FALSE), 0 )), 0) -> 0 | AF54: =IFERROR(IF(OR(ISBLANK(P54),ISBLANK(Q54)),0,IF(AB54<>"", AB54 + IF(AC54=1,AE54, 0), "") * (S54+1)),"") -> 49 | AG54: =SUMIFS(AF$2:AF54,D$2:D54,D54) -> 49
A55: =IF(ISBLANK(B55),"",COUNTIF(B$2:B55,B55))-1 -> 1 | B55: 27 | C55: =VLOOKUP($A55+IF($A55=0,1,0),Database!$A:$Y,7,FALSE) -> 46184.875 | D55: =VLOOKUP(Pronostics!$B55,Setup_MPP!$A:$G,3,FALSE) -> maryemkappa | E55: =VLOOKUP(Pronostics!$B55,Setup_MPP!$A:$G,2,FALSE) -> Maryem GUIZANI | F55: =VLOOKUP($B55,Setup_MPP!$A:$E,4,FALSE) -> #BCA2F4 | G55: =VLOOKUP($B55,Setup_MPP!$A:$E,5,FALSE) -> #6D3DD5 | H55: =IFERROR(IF(AND(A55>=1,A55<=104),VLOOKUP($A55,Location!$A:$J,6,FALSE),IF(A55=0,"Avant l'ouverture",IF(OR(A55=105,A55=106),"Bonus"))),"") -> Tour 1 | I55: =IF(LEFT(H55,4)="Tour",VLOOKUP(A55,Database!$A:$C,3,FALSE),"") -> A | J55: =VLOOKUP($A55,Location!$A:$J,7,FALSE) -> Mexique | K55: =IFERROR(VLOOKUP(J55,Setup_Team!$B:$C,2,FALSE), "TDB") -> MEX | L55: =VLOOKUP($A55,Location!$A:$J,8,FALSE) -> Afrique du Sud | M55: =IFERROR(VLOOKUP(L55,Setup_Team!$B:$C,2,FALSE), "TDB") -> ZAF | R55: =IF(AND(A55>0,A55<=104,W55="Terminé"),TEXT(P55,"0")&"-"&TEXT(Q55,"0"),"") -> 0-0 | S55: 0 | T55: =VLOOKUP($A55,Database!$A:$Y,10,FALSE) -> 49 | U55: =VLOOKUP($A55,Database!$A:$Y,11,FALSE) -> 125 | V55: =VLOOKUP($A55,Database!$A:$Y,12,FALSE) -> 148 | W55: =VLOOKUP(A55,Database!A:M,13,FALSE) -> Terminé | X55: =VLOOKUP($A55,Database!$A:$Y,20,FALSE) -> 2 | Y55: =VLOOKUP($A55,Database!$A:$Y,21,FALSE) -> 0 | Z55: =IF(A55=0,0,IF(W55="À venir",0,IF(AND(ISBLANK(P55),ISBLANK(Q55)),1,0))) -> 1 | AA55: =IF(OR(ISBLANK(P55),ISBLANK(Q55)),"",IF(OR(AND(P55>Q55,X55>Y55),AND(P55=Q55,X55=Y55),AND(P55<Q55,X55<Y55)),1,0)) | AB55: =IF(C55<NOW(),IF(AND(P55>Q55,X55>Y55),T55,IF(AND(P55=Q55,X55=Y55),U55,IF(AND(P55<Q55,X55<Y55),V55,0))),"") -> 0 | AC55: =IF(AND(P55=X55,Q55=Y55,NOT(ISBLANK(P55)),NOT(ISBLANK(Q55)),NOT(ISBLANK(X55)),NOT(ISBLANK(AB55))),1,0) -> 0 | AD55: =IF(AC55=0,"",IF(OR(ISBLANK(P55),ISBLANK(Q55)),"",IF(ISBLANK(VLOOKUP(A55,Database!A:AA,22,FALSE)),"",VLOOKUP(A55,Database!A:AA,22,FALSE)))) | AE55: =IFERROR( IF( OR(ISBLANK(P55),ISBLANK(Q55)), "", IF( AND(AB55<>"",OR(W55="Terminé",W55="En cours")), VLOOKUP(AD55,Setup_ScoreExactBonus!A:D,4,FALSE), 0 )), 0) | AF55: =IFERROR(IF(OR(ISBLANK(P55),ISBLANK(Q55)),0,IF(AB55<>"", AB55 + IF(AC55=1,AE55, 0), "") * (S55+1)),"") -> 0 | AG55: =SUMIFS(AF$2:AF55,D$2:D55,D55) -> 0
A56: =IF(ISBLANK(B56),"",COUNTIF(B$2:B56,B56))-1 -> 2 | B56: 1 | C56: =VLOOKUP($A56+IF($A56=0,1,0),Database!$A:$Y,7,FALSE) -> 46185.167 | D56: =VLOOKUP(Pronostics!$B56,Setup_MPP!$A:$G,3,FALSE) -> _Nicolas_LM_ | E56: =VLOOKUP(Pronostics!$B56,Setup_MPP!$A:$G,2,FALSE) -> Nicolas LE MOUEL | F56: =VLOOKUP($B56,Setup_MPP!$A:$E,4,FALSE) -> #F7C79D | G56: =VLOOKUP($B56,Setup_MPP!$A:$E,5,FALSE) -> #FFBE85 | H56: =IFERROR(IF(AND(A56>=1,A56<=104),VLOOKUP($A56,Location!$A:$J,6,FALSE),IF(A56=0,"Avant l'ouverture",IF(OR(A56=105,A56=106),"Bonus"))),"") -> Tour 1 | I56: =IF(LEFT(H56,4)="Tour",VLOOKUP(A56,Database!$A:$C,3,FALSE),"") -> A | J56: =VLOOKUP($A56,Location!$A:$J,7,FALSE) -> Corée du Sud | K56: =IFERROR(VLOOKUP(J56,Setup_Team!$B:$C,2,FALSE), "TDB") -> KOR | L56: =VLOOKUP($A56,Location!$A:$J,8,FALSE) -> Tchéquie | M56: =IFERROR(VLOOKUP(L56,Setup_Team!$B:$C,2,FALSE), "TDB") -> CZE | N56: =VLOOKUP($A56,Location!$A:$J,9,FALSE) -> Zapopan | O56: =VLOOKUP($A56,Location!$A:$J,10,FALSE) -> Estadio Akron | P56: 1 | Q56: 1 | R56: =IF(AND(A56>0,A56<=104,W56="Terminé"),TEXT(P56,"0")&"-"&TEXT(Q56,"0"),"") -> 1-1 | S56: 0 | T56: =VLOOKUP($A56,Database!$A:$Y,10,FALSE) -> 96 | U56: =VLOOKUP($A56,Database!$A:$Y,11,FALSE) -> 107 | V56: =VLOOKUP($A56,Database!$A:$Y,12,FALSE) -> 91 | W56: =VLOOKUP(A56,Database!A:M,13,FALSE) -> Terminé | X56: =VLOOKUP($A56,Database!$A:$Y,20,FALSE) -> 2 | Y56: =VLOOKUP($A56,Database!$A:$Y,21,FALSE) -> 1 | Z56: =IF(A56=0,0,IF(W56="À venir",0,IF(AND(ISBLANK(P56),ISBLANK(Q56)),1,0))) -> 0 | AA56: =IF(OR(ISBLANK(P56),ISBLANK(Q56)),"",IF(OR(AND(P56>Q56,X56>Y56),AND(P56=Q56,X56=Y56),AND(P56<Q56,X56<Y56)),1,0)) -> 0 | AB56: =IF(C56<NOW(),IF(AND(P56>Q56,X56>Y56),T56,IF(AND(P56=Q56,X56=Y56),U56,IF(AND(P56<Q56,X56<Y56),V56,0))),"") -> 0 | AC56: =IF(AND(P56=X56,Q56=Y56,NOT(ISBLANK(P56)),NOT(ISBLANK(Q56)),NOT(ISBLANK(X56)),NOT(ISBLANK(AB56))),1,0) -> 0 | AD56: =IF(AC56=0,"",IF(OR(ISBLANK(P56),ISBLANK(Q56)),"",IF(ISBLANK(VLOOKUP(A56,Database!A:AA,22,FALSE)),"",VLOOKUP(A56,Database!A:AA,22,FALSE)))) | AE56: =IFERROR( IF( OR(ISBLANK(P56),ISBLANK(Q56)), "", IF( AND(AB56<>"",OR(W56="Terminé",W56="En cours")), VLOOKUP(AD56,Setup_ScoreExactBonus!A:D,4,FALSE), 0 )), 0) -> 0 | AF56: =IFERROR(IF(OR(ISBLANK(P56),ISBLANK(Q56)),0,IF(AB56<>"", AB56 + IF(AC56=1,AE56, 0), "") * (S56+1)),"") -> 0 | AG56: =SUMIFS(AF$2:AF56,D$2:D56,D56) -> 49
A57: =IF(ISBLANK(B57),"",COUNTIF(B$2:B57,B57))-1 -> 2 | B57: 2 | C57: =VLOOKUP($A57+IF($A57=0,1,0),Database!$A:$Y,7,FALSE) -> 46185.167 | D57: =VLOOKUP(Pronostics!$B57,Setup_MPP!$A:$G,3,FALSE) -> leaelaz | E57: =VLOOKUP(Pronostics!$B57,Setup_MPP!$A:$G,2,FALSE) -> Léa EL ASERY | F57: =VLOOKUP($B57,Setup_MPP!$A:$E,4,FALSE) -> #FFBEBE | G57: =VLOOKUP($B57,Setup_MPP!$A:$E,5,FALSE) -> #DF6868 | H57: =IFERROR(IF(AND(A57>=1,A57<=104),VLOOKUP($A57,Location!$A:$J,6,FALSE),IF(A57=0,"Avant l'ouverture",IF(OR(A57=105,A57=106),"Bonus"))),"") -> Tour 1 | I57: =IF(LEFT(H57,4)="Tour",VLOOKUP(A57,Database!$A:$C,3,FALSE),"") -> A | J57: =VLOOKUP($A57,Location!$A:$J,7,FALSE) -> Corée du Sud | K57: =IFERROR(VLOOKUP(J57,Setup_Team!$B:$C,2,FALSE), "TDB") -> KOR | L57: =VLOOKUP($A57,Location!$A:$J,8,FALSE) -> Tchéquie | M57: =IFERROR(VLOOKUP(L57,Setup_Team!$B:$C,2,FALSE), "TDB") -> CZE | N57: =VLOOKUP($A57,Location!$A:$J,9,FALSE) -> Zapopan | O57: =VLOOKUP($A57,Location!$A:$J,10,FALSE) -> Estadio Akron | P57: 1 | Q57: 1 | R57: =IF(AND(A57>0,A57<=104,W57="Terminé"),TEXT(P57,"0")&"-"&TEXT(Q57,"0"),"") -> 1-1 | S57: 0 | T57: =VLOOKUP($A57,Database!$A:$Y,10,FALSE) -> 96 | U57: =VLOOKUP($A57,Database!$A:$Y,11,FALSE) -> 107 | V57: =VLOOKUP($A57,Database!$A:$Y,12,FALSE) -> 91 | W57: =VLOOKUP(A57,Database!A:M,13,FALSE) -> Terminé | X57: =VLOOKUP($A57,Database!$A:$Y,20,FALSE) -> 2 | Y57: =VLOOKUP($A57,Database!$A:$Y,21,FALSE) -> 1 | Z57: =IF(A57=0,0,IF(W57="À venir",0,IF(AND(ISBLANK(P57),ISBLANK(Q57)),1,0))) -> 0 | AA57: =IF(OR(ISBLANK(P57),ISBLANK(Q57)),"",IF(OR(AND(P57>Q57,X57>Y57),AND(P57=Q57,X57=Y57),AND(P57<Q57,X57<Y57)),1,0)) -> 0 | AB57: =IF(C57<NOW(),IF(AND(P57>Q57,X57>Y57),T57,IF(AND(P57=Q57,X57=Y57),U57,IF(AND(P57<Q57,X57<Y57),V57,0))),"") -> 0 | AC57: =IF(AND(P57=X57,Q57=Y57,NOT(ISBLANK(P57)),NOT(ISBLANK(Q57)),NOT(ISBLANK(X57)),NOT(ISBLANK(AB57))),1,0) -> 0 | AD57: =IF(AC57=0,"",IF(OR(ISBLANK(P57),ISBLANK(Q57)),"",IF(ISBLANK(VLOOKUP(A57,Database!A:AA,22,FALSE)),"",VLOOKUP(A57,Database!A:AA,22,FALSE)))) | AE57: =IFERROR( IF( OR(ISBLANK(P57),ISBLANK(Q57)), "", IF( AND(AB57<>"",OR(W57="Terminé",W57="En cours")), VLOOKUP(AD57,Setup_ScoreExactBonus!A:D,4,FALSE), 0 )), 0) -> 0 | AF57: =IFERROR(IF(OR(ISBLANK(P57),ISBLANK(Q57)),0,IF(AB57<>"", AB57 + IF(AC57=1,AE57, 0), "") * (S57+1)),"") -> 0 | AG57: =SUMIFS(AF$2:AF57,D$2:D57,D57) -> 49
A58: =IF(ISBLANK(B58),"",COUNTIF(B$2:B58,B58))-1 -> 2 | B58: 3 | C58: =VLOOKUP($A58+IF($A58=0,1,0),Database!$A:$Y,7,FALSE) -> 46185.167 | D58: =VLOOKUP(Pronostics!$B58,Setup_MPP!$A:$G,3,FALSE) -> PasMetalleux | E58: =VLOOKUP(Pronostics!$B58,Setup_MPP!$A:$G,2,FALSE) -> Elwenn JOUBREL | F58: =VLOOKUP($B58,Setup_MPP!$A:$E,4,FALSE) -> #F5C7FC | G58: =VLOOKUP($B58,Setup_MPP!$A:$E,5,FALSE) -> #C489CF | H58: =IFERROR(IF(AND(A58>=1,A58<=104),VLOOKUP($A58,Location!$A:$J,6,FALSE),IF(A58=0,"Avant l'ouverture",IF(OR(A58=105,A58=106),"Bonus"))),"") -> Tour 1 | I58: =IF(LEFT(H58,4)="Tour",VLOOKUP(A58,Database!$A:$C,3,FALSE),"") -> A | J58: =VLOOKUP($A58,Location!$A:$J,7,FALSE) -> Corée du Sud | K58: =IFERROR(VLOOKUP(J58,Setup_Team!$B:$C,2,FALSE), "TDB") -> KOR | L58: =VLOOKUP($A58,Location!$A:$J,8,FALSE) -> Tchéquie | M58: =IFERROR(VLOOKUP(L58,Setup_Team!$B:$C,2,FALSE), "TDB") -> CZE | N58: =VLOOKUP($A58,Location!$A:$J,9,FALSE) -> Zapopan | O58: =VLOOKUP($A58,Location!$A:$J,10,FALSE) -> Estadio Akron | P58: 1 | Q58: 1 | R58: =IF(AND(A58>0,A58<=104,W58="Terminé"),TEXT(P58,"0")&"-"&TEXT(Q58,"0"),"") -> 1-1 | S58: 0 | T58: =VLOOKUP($A58,Database!$A:$Y,10,FALSE) -> 96 | U58: =VLOOKUP($A58,Database!$A:$Y,11,FALSE) -> 107 | V58: =VLOOKUP($A58,Database!$A:$Y,12,FALSE) -> 91 | W58: =VLOOKUP(A58,Database!A:M,13,FALSE) -> Terminé | X58: =VLOOKUP($A58,Database!$A:$Y,20,FALSE) -> 2 | Y58: =VLOOKUP($A58,Database!$A:$Y,21,FALSE) -> 1 | Z58: =IF(A58=0,0,IF(W58="À venir",0,IF(AND(ISBLANK(P58),ISBLANK(Q58)),1,0))) -> 0 | AA58: =IF(OR(ISBLANK(P58),ISBLANK(Q58)),"",IF(OR(AND(P58>Q58,X58>Y58),AND(P58=Q58,X58=Y58),AND(P58<Q58,X58<Y58)),1,0)) -> 0 | AB58: =IF(C58<NOW(),IF(AND(P58>Q58,X58>Y58),T58,IF(AND(P58=Q58,X58=Y58),U58,IF(AND(P58<Q58,X58<Y58),V58,0))),"") -> 0 | AC58: =IF(AND(P58=X58,Q58=Y58,NOT(ISBLANK(P58)),NOT(ISBLANK(Q58)),NOT(ISBLANK(X58)),NOT(ISBLANK(AB58))),1,0) -> 0 | AD58: =IF(AC58=0,"",IF(OR(ISBLANK(P58),ISBLANK(Q58)),"",IF(ISBLANK(VLOOKUP(A58,Database!A:AA,22,FALSE)),"",VLOOKUP(A58,Database!A:AA,22,FALSE)))) | AE58: =IFERROR( IF( OR(ISBLANK(P58),ISBLANK(Q58)), "", IF( AND(AB58<>"",OR(W58="Terminé",W58="En cours")), VLOOKUP(AD58,Setup_ScoreExactBonus!A:D,4,FALSE), 0 )), 0) -> 0 | AF58: =IFERROR(IF(OR(ISBLANK(P58),ISBLANK(Q58)),0,IF(AB58<>"", AB58 + IF(AC58=1,AE58, 0), "") * (S58+1)),"") -> 0 | AG58: =SUMIFS(AF$2:AF58,D$2:D58,D58) -> 69
A59: =IF(ISBLANK(B59),"",COUNTIF(B$2:B59,B59))-1 -> 2 | B59: 4 | C59: =VLOOKUP($A59+IF($A59=0,1,0),Database!$A:$Y,7,FALSE) -> 46185.167 | D59: =VLOOKUP(Pronostics!$B59,Setup_MPP!$A:$G,3,FALSE) -> Popo444 | E59: =VLOOKUP(Pronostics!$B59,Setup_MPP!$A:$G,2,FALSE) -> Pauline OLIVIER | F59: =VLOOKUP($B59,Setup_MPP!$A:$E,4,FALSE) -> #A5EA7F | G59: =VLOOKUP($B59,Setup_MPP!$A:$E,5,FALSE) -> #80C65A | H59: =IFERROR(IF(AND(A59>=1,A59<=104),VLOOKUP($A59,Location!$A:$J,6,FALSE),IF(A59=0,"Avant l'ouverture",IF(OR(A59=105,A59=106),"Bonus"))),"") -> Tour 1 | I59: =IF(LEFT(H59,4)="Tour",VLOOKUP(A59,Database!$A:$C,3,FALSE),"") -> A | J59: =VLOOKUP($A59,Location!$A:$J,7,FALSE) -> Corée du Sud | K59: =IFERROR(VLOOKUP(J59,Setup_Team!$B:$C,2,FALSE), "TDB") -> KOR | L59: =VLOOKUP($A59,Location!$A:$J,8,FALSE) -> Tchéquie | M59: =IFERROR(VLOOKUP(L59,Setup_Team!$B:$C,2,FALSE), "TDB") -> CZE | N59: =VLOOKUP($A59,Location!$A:$J,9,FALSE) -> Zapopan | O59: =VLOOKUP($A59,Location!$A:$J,10,FALSE) -> Estadio Akron | P59: 1 | Q59: 1 | R59: =IF(AND(A59>0,A59<=104,W59="Terminé"),TEXT(P59,"0")&"-"&TEXT(Q59,"0"),"") -> 1-1 | S59: 0 | T59: =VLOOKUP($A59,Database!$A:$Y,10,FALSE) -> 96 | U59: =VLOOKUP($A59,Database!$A:$Y,11,FALSE) -> 107 | V59: =VLOOKUP($A59,Database!$A:$Y,12,FALSE) -> 91 | W59: =VLOOKUP(A59,Database!A:M,13,FALSE) -> Terminé | X59: =VLOOKUP($A59,Database!$A:$Y,20,FALSE) -> 2 | Y59: =VLOOKUP($A59,Database!$A:$Y,21,FALSE) -> 1 | Z59: =IF(A59=0,0,IF(W59="À venir",0,IF(AND(ISBLANK(P59),ISBLANK(Q59)),1,0))) -> 0 | AA59: =IF(OR(ISBLANK(P59),ISBLANK(Q59)),"",IF(OR(AND(P59>Q59,X59>Y59),AND(P59=Q59,X59=Y59),AND(P59<Q59,X59<Y59)),1,0)) -> 0 | AB59: =IF(C59<NOW(),IF(AND(P59>Q59,X59>Y59),T59,IF(AND(P59=Q59,X59=Y59),U59,IF(AND(P59<Q59,X59<Y59),V59,0))),"") -> 0 | AC59: =IF(AND(P59=X59,Q59=Y59,NOT(ISBLANK(P59)),NOT(ISBLANK(Q59)),NOT(ISBLANK(X59)),NOT(ISBLANK(AB59))),1,0) -> 0 | AD59: =IF(AC59=0,"",IF(OR(ISBLANK(P59),ISBLANK(Q59)),"",IF(ISBLANK(VLOOKUP(A59,Database!A:AA,22,FALSE)),"",VLOOKUP(A59,Database!A:AA,22,FALSE)))) | AE59: =IFERROR( IF( OR(ISBLANK(P59),ISBLANK(Q59)), "", IF( AND(AB59<>"",OR(W59="Terminé",W59="En cours")), VLOOKUP(AD59,Setup_ScoreExactBonus!A:D,4,FALSE), 0 )), 0) -> 0 | AF59: =IFERROR(IF(OR(ISBLANK(P59),ISBLANK(Q59)),0,IF(AB59<>"", AB59 + IF(AC59=1,AE59, 0), "") * (S59+1)),"") -> 0 | AG59: =SUMIFS(AF$2:AF59,D$2:D59,D59) -> 69
A60: =IF(ISBLANK(B60),"",COUNTIF(B$2:B60,B60))-1 -> 2 | B60: 5 | C60: =VLOOKUP($A60+IF($A60=0,1,0),Database!$A:$Y,7,FALSE) -> 46185.167 | D60: =VLOOKUP(Pronostics!$B60,Setup_MPP!$A:$G,3,FALSE) -> _Jujul | E60: =VLOOKUP(Pronostics!$B60,Setup_MPP!$A:$G,2,FALSE) -> Julie BOISSIERE | F60: =VLOOKUP($B60,Setup_MPP!$A:$E,4,FALSE) -> #D890FF | G60: =VLOOKUP($B60,Setup_MPP!$A:$E,5,FALSE) -> #B750EF | H60: =IFERROR(IF(AND(A60>=1,A60<=104),VLOOKUP($A60,Location!$A:$J,6,FALSE),IF(A60=0,"Avant l'ouverture",IF(OR(A60=105,A60=106),"Bonus"))),"") -> Tour 1 | I60: =IF(LEFT(H60,4)="Tour",VLOOKUP(A60,Database!$A:$C,3,FALSE),"") -> A | J60: =VLOOKUP($A60,Location!$A:$J,7,FALSE) -> Corée du Sud | K60: =IFERROR(VLOOKUP(J60,Setup_Team!$B:$C,2,FALSE), "TDB") -> KOR | L60: =VLOOKUP($A60,Location!$A:$J,8,FALSE) -> Tchéquie | M60: =IFERROR(VLOOKUP(L60,Setup_Team!$B:$C,2,FALSE), "TDB") -> CZE | N60: =VLOOKUP($A60,Location!$A:$J,9,FALSE) -> Zapopan | O60: =VLOOKUP($A60,Location!$A:$J,10,FALSE) -> Estadio Akron | P60: 1 | Q60: 0 | R60: =IF(AND(A60>0,A60<=104,W60="Terminé"),TEXT(P60,"0")&"-"&TEXT(Q60,"0"),"") -> 1-0 | S60: 0 | T60: =VLOOKUP($A60,Database!$A:$Y,10,FALSE) -> 96 | U60: =VLOOKUP($A60,Database!$A:$Y,11,FALSE) -> 107 | V60: =VLOOKUP($A60,Database!$A:$Y,12,FALSE) -> 91 | W60: =VLOOKUP(A60,Database!A:M,13,FALSE) -> Terminé | X60: =VLOOKUP($A60,Database!$A:$Y,20,FALSE) -> 2 | Y60: =VLOOKUP($A60,Database!$A:$Y,21,FALSE) -> 1 | Z60: =IF(A60=0,0,IF(W60="À venir",0,IF(AND(ISBLANK(P60),ISBLANK(Q60)),1,0))) -> 0 | AA60: =IF(OR(ISBLANK(P60),ISBLANK(Q60)),"",IF(OR(AND(P60>Q60,X60>Y60),AND(P60=Q60,X60=Y60),AND(P60<Q60,X60<Y60)),1,0)) -> 1 | AB60: =IF(C60<NOW(),IF(AND(P60>Q60,X60>Y60),T60,IF(AND(P60=Q60,X60=Y60),U60,IF(AND(P60<Q60,X60<Y60),V60,0))),"") -> 96 | AC60: =IF(AND(P60=X60,Q60=Y60,NOT(ISBLANK(P60)),NOT(ISBLANK(Q60)),NOT(ISBLANK(X60)),NOT(ISBLANK(AB60))),1,0) -> 0 | AD60: =IF(AC60=0,"",IF(OR(ISBLANK(P60),ISBLANK(Q60)),"",IF(ISBLANK(VLOOKUP(A60,Database!A:AA,22,FALSE)),"",VLOOKUP(A60,Database!A:AA,22,FALSE)))) | AE60: =IFERROR( IF( OR(ISBLANK(P60),ISBLANK(Q60)), "", IF( AND(AB60<>"",OR(W60="Terminé",W60="En cours")), VLOOKUP(AD60,Setup_ScoreExactBonus!A:D,4,FALSE), 0 )), 0) -> 0 | AF60: =IFERROR(IF(OR(ISBLANK(P60),ISBLANK(Q60)),0,IF(AB60<>"", AB60 + IF(AC60=1,AE60, 0), "") * (S60+1)),"") -> 96 | AG60: =SUMIFS(AF$2:AF60,D$2:D60,D60) -> 96
A61: =IF(ISBLANK(B61),"",COUNTIF(B$2:B61,B61))-1 -> 2 | B61: 6 | C61: =VLOOKUP($A61+IF($A61=0,1,0),Database!$A:$Y,7,FALSE) -> 46185.167 | D61: =VLOOKUP(Pronostics!$B61,Setup_MPP!$A:$G,3,FALSE) -> Julay | E61: =VLOOKUP(Pronostics!$B61,Setup_MPP!$A:$G,2,FALSE) -> Julie BOUCHARD | F61: =VLOOKUP($B61,Setup_MPP!$A:$E,4,FALSE) -> #A6F7B1 | G61: =VLOOKUP($B61,Setup_MPP!$A:$E,5,FALSE) -> #6EC179 | H61: =IFERROR(IF(AND(A61>=1,A61<=104),VLOOKUP($A61,Location!$A:$J,6,FALSE),IF(A61=0,"Avant l'ouverture",IF(OR(A61=105,A61=106),"Bonus"))),"") -> Tour 1 | I61: =IF(LEFT(H61,4)="Tour",VLOOKUP(A61,Database!$A:$C,3,FALSE),"") -> A | J61: =VLOOKUP($A61,Location!$A:$J,7,FALSE) -> Corée du Sud | K61: =IFERROR(VLOOKUP(J61,Setup_Team!$B:$C,2,FALSE), "TDB") -> KOR | L61: =VLOOKUP($A61,Location!$A:$J,8,FALSE) -> Tchéquie | M61: =IFERROR(VLOOKUP(L61,Setup_Team!$B:$C,2,FALSE), "TDB") -> CZE | N61: =VLOOKUP($A61,Location!$A:$J,9,FALSE) -> Zapopan | O61: =VLOOKUP($A61,Location!$A:$J,10,FALSE) -> Estadio Akron | P61: 0 | Q61: 2 | R61: =IF(AND(A61>0,A61<=104,W61="Terminé"),TEXT(P61,"0")&"-"&TEXT(Q61,"0"),"") -> 0-2 | S61: 0 | T61: =VLOOKUP($A61,Database!$A:$Y,10,FALSE) -> 96 | U61: =VLOOKUP($A61,Database!$A:$Y,11,FALSE) -> 107 | V61: =VLOOKUP($A61,Database!$A:$Y,12,FALSE) -> 91 | W61: =VLOOKUP(A61,Database!A:M,13,FALSE) -> Terminé | X61: =VLOOKUP($A61,Database!$A:$Y,20,FALSE) -> 2 | Y61: =VLOOKUP($A61,Database!$A:$Y,21,FALSE) -> 1 | Z61: =IF(A61=0,0,IF(W61="À venir",0,IF(AND(ISBLANK(P61),ISBLANK(Q61)),1,0))) -> 0 | AA61: =IF(OR(ISBLANK(P61),ISBLANK(Q61)),"",IF(OR(AND(P61>Q61,X61>Y61),AND(P61=Q61,X61=Y61),AND(P61<Q61,X61<Y61)),1,0)) -> 0 | AB61: =IF(C61<NOW(),IF(AND(P61>Q61,X61>Y61),T61,IF(AND(P61=Q61,X61=Y61),U61,IF(AND(P61<Q61,X61<Y61),V61,0))),"") -> 0 | AC61: =IF(AND(P61=X61,Q61=Y61,NOT(ISBLANK(P61)),NOT(ISBLANK(Q61)),NOT(ISBLANK(X61)),NOT(ISBLANK(AB61))),1,0) -> 0 | AD61: =IF(AC61=0,"",IF(OR(ISBLANK(P61),ISBLANK(Q61)),"",IF(ISBLANK(VLOOKUP(A61,Database!A:AA,22,FALSE)),"",VLOOKUP(A61,Database!A:AA,22,FALSE)))) | AE61: =IFERROR( IF( OR(ISBLANK(P61),ISBLANK(Q61)), "", IF( AND(AB61<>"",OR(W61="Terminé",W61="En cours")), VLOOKUP(AD61,Setup_ScoreExactBonus!A:D,4,FALSE), 0 )), 0) -> 0 | AF61: =IFERROR(IF(OR(ISBLANK(P61),ISBLANK(Q61)),0,IF(AB61<>"", AB61 + IF(AC61=1,AE61, 0), "") * (S61+1)),"") -> 0 | AG61: =SUMIFS(AF$2:AF61,D$2:D61,D61) -> 49
A62: =IF(ISBLANK(B62),"",COUNTIF(B$2:B62,B62))-1 -> 2 | B62: 7 | C62: =VLOOKUP($A62+IF($A62=0,1,0),Database!$A:$Y,7,FALSE) -> 46185.167 | D62: =VLOOKUP(Pronostics!$B62,Setup_MPP!$A:$G,3,FALSE) -> __Vince__ | E62: =VLOOKUP(Pronostics!$B62,Setup_MPP!$A:$G,2,FALSE) -> Vincent FRAYSSE | F62: =VLOOKUP($B62,Setup_MPP!$A:$E,4,FALSE) -> #B2EAE8 | G62: =VLOOKUP($B62,Setup_MPP!$A:$E,5,FALSE) -> #6CB4B1 | H62: =IFERROR(IF(AND(A62>=1,A62<=104),VLOOKUP($A62,Location!$A:$J,6,FALSE),IF(A62=0,"Avant l'ouverture",IF(OR(A62=105,A62=106),"Bonus"))),"") -> Tour 1 | I62: =IF(LEFT(H62,4)="Tour",VLOOKUP(A62,Database!$A:$C,3,FALSE),"") -> A | J62: =VLOOKUP($A62,Location!$A:$J,7,FALSE) -> Corée du Sud | K62: =IFERROR(VLOOKUP(J62,Setup_Team!$B:$C,2,FALSE), "TDB") -> KOR | L62: =VLOOKUP($A62,Location!$A:$J,8,FALSE) -> Tchéquie | M62: =IFERROR(VLOOKUP(L62,Setup_Team!$B:$C,2,FALSE), "TDB") -> CZE | N62: =VLOOKUP($A62,Location!$A:$J,9,FALSE) -> Zapopan | O62: =VLOOKUP($A62,Location!$A:$J,10,FALSE) -> Estadio Akron | P62: 1 | Q62: 1 | R62: =IF(AND(A62>0,A62<=104,W62="Terminé"),TEXT(P62,"0")&"-"&TEXT(Q62,"0"),"") -> 1-1 | S62: 0 | T62: =VLOOKUP($A62,Database!$A:$Y,10,FALSE) -> 96 | U62: =VLOOKUP($A62,Database!$A:$Y,11,FALSE) -> 107 | V62: =VLOOKUP($A62,Database!$A:$Y,12,FALSE) -> 91 | W62: =VLOOKUP(A62,Database!A:M,13,FALSE) -> Terminé | X62: =VLOOKUP($A62,Database!$A:$Y,20,FALSE) -> 2 | Y62: =VLOOKUP($A62,Database!$A:$Y,21,FALSE) -> 1 | Z62: =IF(A62=0,0,IF(W62="À venir",0,IF(AND(ISBLANK(P62),ISBLANK(Q62)),1,0))) -> 0 | AA62: =IF(OR(ISBLANK(P62),ISBLANK(Q62)),"",IF(OR(AND(P62>Q62,X62>Y62),AND(P62=Q62,X62=Y62),AND(P62<Q62,X62<Y62)),1,0)) -> 0 | AB62: =IF(C62<NOW(),IF(AND(P62>Q62,X62>Y62),T62,IF(AND(P62=Q62,X62=Y62),U62,IF(AND(P62<Q62,X62<Y62),V62,0))),"") -> 0 | AC62: =IF(AND(P62=X62,Q62=Y62,NOT(ISBLANK(P62)),NOT(ISBLANK(Q62)),NOT(ISBLANK(X62)),NOT(ISBLANK(AB62))),1,0) -> 0 | AD62: =IF(AC62=0,"",IF(OR(ISBLANK(P62),ISBLANK(Q62)),"",IF(ISBLANK(VLOOKUP(A62,Database!A:AA,22,FALSE)),"",VLOOKUP(A62,Database!A:AA,22,FALSE)))) | AE62: =IFERROR( IF( OR(ISBLANK(P62),ISBLANK(Q62)), "", IF( AND(AB62<>"",OR(W62="Terminé",W62="En cours")), VLOOKUP(AD62,Setup_ScoreExactBonus!A:D,4,FALSE), 0 )), 0) -> 0 | AF62: =IFERROR(IF(OR(ISBLANK(P62),ISBLANK(Q62)),0,IF(AB62<>"", AB62 + IF(AC62=1,AE62, 0), "") * (S62+1)),"") -> 0 | AG62: =SUMIFS(AF$2:AF62,D$2:D62,D62) -> 49
A63: =IF(ISBLANK(B63),"",COUNTIF(B$2:B63,B63))-1 -> 2 | B63: 8 | C63: =VLOOKUP($A63+IF($A63=0,1,0),Database!$A:$Y,7,FALSE) -> 46185.167 | D63: =VLOOKUP(Pronostics!$B63,Setup_MPP!$A:$G,3,FALSE) -> Louuiiis | E63: =VLOOKUP(Pronostics!$B63,Setup_MPP!$A:$G,2,FALSE) -> Louis HARLE | F63: =VLOOKUP($B63,Setup_MPP!$A:$E,4,FALSE) -> #EEF7B1 | G63: =VLOOKUP($B63,Setup_MPP!$A:$E,5,FALSE) -> #C1CB7D | H63: =IFERROR(IF(AND(A63>=1,A63<=104),VLOOKUP($A63,Location!$A:$J,6,FALSE),IF(A63=0,"Avant l'ouverture",IF(OR(A63=105,A63=106),"Bonus"))),"") -> Tour 1 | I63: =IF(LEFT(H63,4)="Tour",VLOOKUP(A63,Database!$A:$C,3,FALSE),"") -> A | J63: =VLOOKUP($A63,Location!$A:$J,7,FALSE) -> Corée du Sud | K63: =IFERROR(VLOOKUP(J63,Setup_Team!$B:$C,2,FALSE), "TDB") -> KOR | L63: =VLOOKUP($A63,Location!$A:$J,8,FALSE) -> Tchéquie | M63: =IFERROR(VLOOKUP(L63,Setup_Team!$B:$C,2,FALSE), "TDB") -> CZE | N63: =VLOOKUP($A63,Location!$A:$J,9,FALSE) -> Zapopan | O63: =VLOOKUP($A63,Location!$A:$J,10,FALSE) -> Estadio Akron | P63: 1 | Q63: 2 | R63: =IF(AND(A63>0,A63<=104,W63="Terminé"),TEXT(P63,"0")&"-"&TEXT(Q63,"0"),"") -> 1-2 | S63: 0 | T63: =VLOOKUP($A63,Database!$A:$Y,10,FALSE) -> 96 | U63: =VLOOKUP($A63,Database!$A:$Y,11,FALSE) -> 107 | V63: =VLOOKUP($A63,Database!$A:$Y,12,FALSE) -> 91 | W63: =VLOOKUP(A63,Database!A:M,13,FALSE) -> Terminé | X63: =VLOOKUP($A63,Database!$A:$Y,20,FALSE) -> 2 | Y63: =VLOOKUP($A63,Database!$A:$Y,21,FALSE) -> 1 | Z63: =IF(A63=0,0,IF(W63="À venir",0,IF(AND(ISBLANK(P63),ISBLANK(Q63)),1,0))) -> 0 | AA63: =IF(OR(ISBLANK(P63),ISBLANK(Q63)),"",IF(OR(AND(P63>Q63,X63>Y63),AND(P63=Q63,X63=Y63),AND(P63<Q63,X63<Y63)),1,0)) -> 0 | AB63: =IF(C63<NOW(),IF(AND(P63>Q63,X63>Y63),T63,IF(AND(P63=Q63,X63=Y63),U63,IF(AND(P63<Q63,X63<Y63),V63,0))),"") -> 0 | AC63: =IF(AND(P63=X63,Q63=Y63,NOT(ISBLANK(P63)),NOT(ISBLANK(Q63)),NOT(ISBLANK(X63)),NOT(ISBLANK(AB63))),1,0) -> 0 | AD63: =IF(AC63=0,"",IF(OR(ISBLANK(P63),ISBLANK(Q63)),"",IF(ISBLANK(VLOOKUP(A63,Database!A:AA,22,FALSE)),"",VLOOKUP(A63,Database!A:AA,22,FALSE)))) | AE63: =IFERROR( IF( OR(ISBLANK(P63),ISBLANK(Q63)), "", IF( AND(AB63<>"",OR(W63="Terminé",W63="En cours")), VLOOKUP(AD63,Setup_ScoreExactBonus!A:D,4,FALSE), 0 )), 0) -> 0 | AF63: =IFERROR(IF(OR(ISBLANK(P63),ISBLANK(Q63)),0,IF(AB63<>"", AB63 + IF(AC63=1,AE63, 0), "") * (S63+1)),"") -> 0 | AG63: =SUMIFS(AF$2:AF63,D$2:D63,D63) -> 69
A64: =IF(ISBLANK(B64),"",COUNTIF(B$2:B64,B64))-1 -> 2 | B64: 9 | C64: =VLOOKUP($A64+IF($A64=0,1,0),Database!$A:$Y,7,FALSE) -> 46185.167 | D64: =VLOOKUP(Pronostics!$B64,Setup_MPP!$A:$G,3,FALSE) -> Aurelien_dpq | E64: =VLOOKUP(Pronostics!$B64,Setup_MPP!$A:$G,2,FALSE) -> Aurélien DE POULPIQUET | F64: =VLOOKUP($B64,Setup_MPP!$A:$E,4,FALSE) -> #F4EA9D | G64: =VLOOKUP($B64,Setup_MPP!$A:$E,5,FALSE) -> #D2C458 | H64: =IFERROR(IF(AND(A64>=1,A64<=104),VLOOKUP($A64,Location!$A:$J,6,FALSE),IF(A64=0,"Avant l'ouverture",IF(OR(A64=105,A64=106),"Bonus"))),"") -> Tour 1 | I64: =IF(LEFT(H64,4)="Tour",VLOOKUP(A64,Database!$A:$C,3,FALSE),"") -> A | J64: =VLOOKUP($A64,Location!$A:$J,7,FALSE) -> Corée du Sud | K64: =IFERROR(VLOOKUP(J64,Setup_Team!$B:$C,2,FALSE), "TDB") -> KOR | L64: =VLOOKUP($A64,Location!$A:$J,8,FALSE) -> Tchéquie | M64: =IFERROR(VLOOKUP(L64,Setup_Team!$B:$C,2,FALSE), "TDB") -> CZE | N64: =VLOOKUP($A64,Location!$A:$J,9,FALSE) -> Zapopan | O64: =VLOOKUP($A64,Location!$A:$J,10,FALSE) -> Estadio Akron | P64: 1 | Q64: 0 | R64: =IF(AND(A64>0,A64<=104,W64="Terminé"),TEXT(P64,"0")&"-"&TEXT(Q64,"0"),"") -> 1-0 | S64: 0 | T64: =VLOOKUP($A64,Database!$A:$Y,10,FALSE) -> 96 | U64: =VLOOKUP($A64,Database!$A:$Y,11,FALSE) -> 107 | V64: =VLOOKUP($A64,Database!$A:$Y,12,FALSE) -> 91 | W64: =VLOOKUP(A64,Database!A:M,13,FALSE) -> Terminé | X64: =VLOOKUP($A64,Database!$A:$Y,20,FALSE) -> 2 | Y64: =VLOOKUP($A64,Database!$A:$Y,21,FALSE) -> 1 | Z64: =IF(A64=0,0,IF(W64="À venir",0,IF(AND(ISBLANK(P64),ISBLANK(Q64)),1,0))) -> 0 | AA64: =IF(OR(ISBLANK(P64),ISBLANK(Q64)),"",IF(OR(AND(P64>Q64,X64>Y64),AND(P64=Q64,X64=Y64),AND(P64<Q64,X64<Y64)),1,0)) -> 1 | AB64: =IF(C64<NOW(),IF(AND(P64>Q64,X64>Y64),T64,IF(AND(P64=Q64,X64=Y64),U64,IF(AND(P64<Q64,X64<Y64),V64,0))),"") -> 96 | AC64: =IF(AND(P64=X64,Q64=Y64,NOT(ISBLANK(P64)),NOT(ISBLANK(Q64)),NOT(ISBLANK(X64)),NOT(ISBLANK(AB64))),1,0) -> 0 | AD64: =IF(AC64=0,"",IF(OR(ISBLANK(P64),ISBLANK(Q64)),"",IF(ISBLANK(VLOOKUP(A64,Database!A:AA,22,FALSE)),"",VLOOKUP(A64,Database!A:AA,22,FALSE)))) | AE64: =IFERROR( IF( OR(ISBLANK(P64),ISBLANK(Q64)), "", IF( AND(AB64<>"",OR(W64="Terminé",W64="En cours")), VLOOKUP(AD64,Setup_ScoreExactBonus!A:D,4,FALSE), 0 )), 0) -> 0 | AF64: =IFERROR(IF(OR(ISBLANK(P64),ISBLANK(Q64)),0,IF(AB64<>"", AB64 + IF(AC64=1,AE64, 0), "") * (S64+1)),"") -> 96 | AG64: =SUMIFS(AF$2:AF64,D$2:D64,D64) -> 145
A65: =IF(ISBLANK(B65),"",COUNTIF(B$2:B65,B65))-1 -> 2 | B65: 10 | C65: =VLOOKUP($A65+IF($A65=0,1,0),Database!$A:$Y,7,FALSE) -> 46185.167 | D65: =VLOOKUP(Pronostics!$B65,Setup_MPP!$A:$G,3,FALSE) -> RandomPaul | E65: =VLOOKUP(Pronostics!$B65,Setup_MPP!$A:$G,2,FALSE) -> Paul MONTESINOS | F65: =VLOOKUP($B65,Setup_MPP!$A:$E,4,FALSE) -> #C4B0FF | G65: =VLOOKUP($B65,Setup_MPP!$A:$E,5,FALSE) -> #7F66C8 | H65: =IFERROR(IF(AND(A65>=1,A65<=104),VLOOKUP($A65,Location!$A:$J,6,FALSE),IF(A65=0,"Avant l'ouverture",IF(OR(A65=105,A65=106),"Bonus"))),"") -> Tour 1 | I65: =IF(LEFT(H65,4)="Tour",VLOOKUP(A65,Database!$A:$C,3,FALSE),"") -> A | J65: =VLOOKUP($A65,Location!$A:$J,7,FALSE) -> Corée du Sud | K65: =IFERROR(VLOOKUP(J65,Setup_Team!$B:$C,2,FALSE), "TDB") -> KOR | L65: =VLOOKUP($A65,Location!$A:$J,8,FALSE) -> Tchéquie | M65: =IFERROR(VLOOKUP(L65,Setup_Team!$B:$C,2,FALSE), "TDB") -> CZE | N65: =VLOOKUP($A65,Location!$A:$J,9,FALSE) -> Zapopan | O65: =VLOOKUP($A65,Location!$A:$J,10,FALSE) -> Estadio Akron | P65: 0 | Q65: 1 | R65: =IF(AND(A65>0,A65<=104,W65="Terminé"),TEXT(P65,"0")&"-"&TEXT(Q65,"0"),"") -> 0-1 | S65: 0 | T65: =VLOOKUP($A65,Database!$A:$Y,10,FALSE) -> 96 | U65: =VLOOKUP($A65,Database!$A:$Y,11,FALSE) -> 107 | V65: =VLOOKUP($A65,Database!$A:$Y,12,FALSE) -> 91 | W65: =VLOOKUP(A65,Database!A:M,13,FALSE) -> Terminé | X65: =VLOOKUP($A65,Database!$A:$Y,20,FALSE) -> 2 | Y65: =VLOOKUP($A65,Database!$A:$Y,21,FALSE) -> 1 | Z65: =IF(A65=0,0,IF(W65="À venir",0,IF(AND(ISBLANK(P65),ISBLANK(Q65)),1,0))) -> 0 | AA65: =IF(OR(ISBLANK(P65),ISBLANK(Q65)),"",IF(OR(AND(P65>Q65,X65>Y65),AND(P65=Q65,X65=Y65),AND(P65<Q65,X65<Y65)),1,0)) -> 0 | AB65: =IF(C65<NOW(),IF(AND(P65>Q65,X65>Y65),T65,IF(AND(P65=Q65,X65=Y65),U65,IF(AND(P65<Q65,X65<Y65),V65,0))),"") -> 0 | AC65: =IF(AND(P65=X65,Q65=Y65,NOT(ISBLANK(P65)),NOT(ISBLANK(Q65)),NOT(ISBLANK(X65)),NOT(ISBLANK(AB65))),1,0) -> 0 | AD65: =IF(AC65=0,"",IF(OR(ISBLANK(P65),ISBLANK(Q65)),"",IF(ISBLANK(VLOOKUP(A65,Database!A:AA,22,FALSE)),"",VLOOKUP(A65,Database!A:AA,22,FALSE)))) | AE65: =IFERROR( IF( OR(ISBLANK(P65),ISBLANK(Q65)), "", IF( AND(AB65<>"",OR(W65="Terminé",W65="En cours")), VLOOKUP(AD65,Setup_ScoreExactBonus!A:D,4,FALSE), 0 )), 0) -> 0 | AF65: =IFERROR(IF(OR(ISBLANK(P65),ISBLANK(Q65)),0,IF(AB65<>"", AB65 + IF(AC65=1,AE65, 0), "") * (S65+1)),"") -> 0 | AG65: =SUMIFS(AF$2:AF65,D$2:D65,D65) -> 69
A66: =IF(ISBLANK(B66),"",COUNTIF(B$2:B66,B66))-1 -> 2 | B66: 11 | C66: =VLOOKUP($A66+IF($A66=0,1,0),Database!$A:$Y,7,FALSE) -> 46185.167 | D66: =VLOOKUP(Pronostics!$B66,Setup_MPP!$A:$G,3,FALSE) -> Kinsley91 | E66: =VLOOKUP(Pronostics!$B66,Setup_MPP!$A:$G,2,FALSE) -> Kinsley ROQUE | F66: =VLOOKUP($B66,Setup_MPP!$A:$E,4,FALSE) -> #CBEBBA | G66: =VLOOKUP($B66,Setup_MPP!$A:$E,5,FALSE) -> #70BC6E | H66: =IFERROR(IF(AND(A66>=1,A66<=104),VLOOKUP($A66,Location!$A:$J,6,FALSE),IF(A66=0,"Avant l'ouverture",IF(OR(A66=105,A66=106),"Bonus"))),"") -> Tour 1 | I66: =IF(LEFT(H66,4)="Tour",VLOOKUP(A66,Database!$A:$C,3,FALSE),"") -> A | J66: =VLOOKUP($A66,Location!$A:$J,7,FALSE) -> Corée du Sud | K66: =IFERROR(VLOOKUP(J66,Setup_Team!$B:$C,2,FALSE), "TDB") -> KOR | L66: =VLOOKUP($A66,Location!$A:$J,8,FALSE) -> Tchéquie | M66: =IFERROR(VLOOKUP(L66,Setup_Team!$B:$C,2,FALSE), "TDB") -> CZE | N66: =VLOOKUP($A66,Location!$A:$J,9,FALSE) -> Zapopan | O66: =VLOOKUP($A66,Location!$A:$J,10,FALSE) -> Estadio Akron | P66: 1 | Q66: 0 | R66: =IF(AND(A66>0,A66<=104,W66="Terminé"),TEXT(P66,"0")&"-"&TEXT(Q66,"0"),"") -> 1-0 | S66: 0 | T66: =VLOOKUP($A66,Database!$A:$Y,10,FALSE) -> 96 | U66: =VLOOKUP($A66,Database!$A:$Y,11,FALSE) -> 107 | V66: =VLOOKUP($A66,Database!$A:$Y,12,FALSE) -> 91 | W66: =VLOOKUP(A66,Database!A:M,13,FALSE) -> Terminé | X66: =VLOOKUP($A66,Database!$A:$Y,20,FALSE) -> 2 | Y66: =VLOOKUP($A66,Database!$A:$Y,21,FALSE) -> 1 | Z66: =IF(A66=0,0,IF(W66="À venir",0,IF(AND(ISBLANK(P66),ISBLANK(Q66)),1,0))) -> 0 | AA66: =IF(OR(ISBLANK(P66),ISBLANK(Q66)),"",IF(OR(AND(P66>Q66,X66>Y66),AND(P66=Q66,X66=Y66),AND(P66<Q66,X66<Y66)),1,0)) -> 1 | AB66: =IF(C66<NOW(),IF(AND(P66>Q66,X66>Y66),T66,IF(AND(P66=Q66,X66=Y66),U66,IF(AND(P66<Q66,X66<Y66),V66,0))),"") -> 96 | AC66: =IF(AND(P66=X66,Q66=Y66,NOT(ISBLANK(P66)),NOT(ISBLANK(Q66)),NOT(ISBLANK(X66)),NOT(ISBLANK(AB66))),1,0) -> 0 | AD66: =IF(AC66=0,"",IF(OR(ISBLANK(P66),ISBLANK(Q66)),"",IF(ISBLANK(VLOOKUP(A66,Database!A:AA,22,FALSE)),"",VLOOKUP(A66,Database!A:AA,22,FALSE)))) | AE66: =IFERROR( IF( OR(ISBLANK(P66),ISBLANK(Q66)), "", IF( AND(AB66<>"",OR(W66="Terminé",W66="En cours")), VLOOKUP(AD66,Setup_ScoreExactBonus!A:D,4,FALSE), 0 )), 0) -> 0 | AF66: =IFERROR(IF(OR(ISBLANK(P66),ISBLANK(Q66)),0,IF(AB66<>"", AB66 + IF(AC66=1,AE66, 0), "") * (S66+1)),"") -> 96 | AG66: =SUMIFS(AF$2:AF66,D$2:D66,D66) -> 96
A67: =IF(ISBLANK(B67),"",COUNTIF(B$2:B67,B67))-1 -> 2 | B67: 12 | C67: =VLOOKUP($A67+IF($A67=0,1,0),Database!$A:$Y,7,FALSE) -> 46185.167 | D67: =VLOOKUP(Pronostics!$B67,Setup_MPP!$A:$G,3,FALSE) -> Jaouad1 | E67: =VLOOKUP(Pronostics!$B67,Setup_MPP!$A:$G,2,FALSE) -> Jaouad SETTI | F67: =VLOOKUP($B67,Setup_MPP!$A:$E,4,FALSE) -> #C2D4FF | G67: =VLOOKUP($B67,Setup_MPP!$A:$E,5,FALSE) -> #6586D5 | H67: =IFERROR(IF(AND(A67>=1,A67<=104),VLOOKUP($A67,Location!$A:$J,6,FALSE),IF(A67=0,"Avant l'ouverture",IF(OR(A67=105,A67=106),"Bonus"))),"") -> Tour 1 | I67: =IF(LEFT(H67,4)="Tour",VLOOKUP(A67,Database!$A:$C,3,FALSE),"") -> A | J67: =VLOOKUP($A67,Location!$A:$J,7,FALSE) -> Corée du Sud | K67: =IFERROR(VLOOKUP(J67,Setup_Team!$B:$C,2,FALSE), "TDB") -> KOR | L67: =VLOOKUP($A67,Location!$A:$J,8,FALSE) -> Tchéquie | M67: =IFERROR(VLOOKUP(L67,Setup_Team!$B:$C,2,FALSE), "TDB") -> CZE | N67: =VLOOKUP($A67,Location!$A:$J,9,FALSE) -> Zapopan | O67: =VLOOKUP($A67,Location!$A:$J,10,FALSE) -> Estadio Akron | P67: 1 | Q67: 1 | R67: =IF(AND(A67>0,A67<=104,W67="Terminé"),TEXT(P67,"0")&"-"&TEXT(Q67,"0"),"") -> 1-1 | S67: 0 | T67: =VLOOKUP($A67,Database!$A:$Y,10,FALSE) -> 96 | U67: =VLOOKUP($A67,Database!$A:$Y,11,FALSE) -> 107 | V67: =VLOOKUP($A67,Database!$A:$Y,12,FALSE) -> 91 | W67: =VLOOKUP(A67,Database!A:M,13,FALSE) -> Terminé | X67: =VLOOKUP($A67,Database!$A:$Y,20,FALSE) -> 2 | Y67: =VLOOKUP($A67,Database!$A:$Y,21,FALSE) -> 1 | Z67: =IF(A67=0,0,IF(W67="À venir",0,IF(AND(ISBLANK(P67),ISBLANK(Q67)),1,0))) -> 0 | AA67: =IF(OR(ISBLANK(P67),ISBLANK(Q67)),"",IF(OR(AND(P67>Q67,X67>Y67),AND(P67=Q67,X67=Y67),AND(P67<Q67,X67<Y67)),1,0)) -> 0 | AB67: =IF(C67<NOW(),IF(AND(P67>Q67,X67>Y67),T67,IF(AND(P67=Q67,X67=Y67),U67,IF(AND(P67<Q67,X67<Y67),V67,0))),"") -> 0 | AC67: =IF(AND(P67=X67,Q67=Y67,NOT(ISBLANK(P67)),NOT(ISBLANK(Q67)),NOT(ISBLANK(X67)),NOT(ISBLANK(AB67))),1,0) -> 0 | AD67: =IF(AC67=0,"",IF(OR(ISBLANK(P67),ISBLANK(Q67)),"",IF(ISBLANK(VLOOKUP(A67,Database!A:AA,22,FALSE)),"",VLOOKUP(A67,Database!A:AA,22,FALSE)))) | AE67: =IFERROR( IF( OR(ISBLANK(P67),ISBLANK(Q67)), "", IF( AND(AB67<>"",OR(W67="Terminé",W67="En cours")), VLOOKUP(AD67,Setup_ScoreExactBonus!A:D,4,FALSE), 0 )), 0) -> 0 | AF67: =IFERROR(IF(OR(ISBLANK(P67),ISBLANK(Q67)),0,IF(AB67<>"", AB67 + IF(AC67=1,AE67, 0), "") * (S67+1)),"") -> 0 | AG67: =SUMIFS(AF$2:AF67,D$2:D67,D67) -> 49
... A80: =IF(ISBLANK(B80),"",COUNTIF(B$2:B80,B80))-1 -> 2 | B80: 25 | C80: =VLOOKUP($A80+IF($A80=0,1,0),Database!$A:$Y,7,FALSE) -> 46185.167 | D80: =VLOOKUP(Pronostics!$B80,Setup_MPP!$A:$G,3,FALSE) -> leaw0808 | E80: =VLOOKUP(Pronostics!$B80,Setup_MPP!$A:$G,2,FALSE) -> Léa WALOCQ | F80: =VLOOKUP($B80,Setup_MPP!$A:$E,4,FALSE) -> #D1B9EB | G80: =VLOOKUP($B80,Setup_MPP!$A:$E,5,FALSE) -> #B58BC7 | H80: =IFERROR(IF(AND(A80>=1,A80<=104),VLOOKUP($A80,Location!$A:$J,6,FALSE),IF(A80=0,"Avant l'ouverture",IF(OR(A80=105,A80=106),"Bonus"))),"") -> Tour 1 | I80: =IF(LEFT(H80,4)="Tour",VLOOKUP(A80,Database!$A:$C,3,FALSE),"") -> A | J80: =VLOOKUP($A80,Location!$A:$J,7,FALSE) -> Corée du Sud | K80: =IFERROR(VLOOKUP(J80,Setup_Team!$B:$C,2,FALSE), "TDB") -> KOR | L80: =VLOOKUP($A80,Location!$A:$J,8,FALSE) -> Tchéquie | M80: =IFERROR(VLOOKUP(L80,Setup_Team!$B:$C,2,FALSE), "TDB") -> CZE | N80: =VLOOKUP($A80,Location!$A:$J,9,FALSE) -> Zapopan | O80: =VLOOKUP($A80,Location!$A:$J,10,FALSE) -> Estadio Akron | P80: 2 | Q80: 0 | R80: =IF(AND(A80>0,A80<=104,W80="Terminé"),TEXT(P80,"0")&"-"&TEXT(Q80,"0"),"") -> 2-0 | S80: 0 | T80: =VLOOKUP($A80,Database!$A:$Y,10,FALSE) -> 96 | U80: =VLOOKUP($A80,Database!$A:$Y,11,FALSE) -> 107 | V80: =VLOOKUP($A80,Database!$A:$Y,12,FALSE) -> 91 | W80: =VLOOKUP(A80,Database!A:M,13,FALSE) -> Terminé | X80: =VLOOKUP($A80,Database!$A:$Y,20,FALSE) -> 2 | Y80: =VLOOKUP($A80,Database!$A:$Y,21,FALSE) -> 1 | Z80: =IF(A80=0,0,IF(W80="À venir",0,IF(AND(ISBLANK(P80),ISBLANK(Q80)),1,0))) -> 0 | AA80: =IF(OR(ISBLANK(P80),ISBLANK(Q80)),"",IF(OR(AND(P80>Q80,X80>Y80),AND(P80=Q80,X80=Y80),AND(P80<Q80,X80<Y80)),1,0)) -> 1 | AB80: =IF(C80<NOW(),IF(AND(P80>Q80,X80>Y80),T80,IF(AND(P80=Q80,X80=Y80),U80,IF(AND(P80<Q80,X80<Y80),V80,0))),"") -> 96 | AC80: =IF(AND(P80=X80,Q80=Y80,NOT(ISBLANK(P80)),NOT(ISBLANK(Q80)),NOT(ISBLANK(X80)),NOT(ISBLANK(AB80))),1,0) -> 0 | AD80: =IF(AC80=0,"",IF(OR(ISBLANK(P80),ISBLANK(Q80)),"",IF(ISBLANK(VLOOKUP(A80,Database!A:AA,22,FALSE)),"",VLOOKUP(A80,Database!A:AA,22,FALSE)))) | AE80: =IFERROR( IF( OR(ISBLANK(P80),ISBLANK(Q80)), "", IF( AND(AB80<>"",OR(W80="Terminé",W80="En cours")), VLOOKUP(AD80,Setup_ScoreExactBonus!A:D,4,FALSE), 0 )), 0) -> 0 | AF80: =IFERROR(IF(OR(ISBLANK(P80),ISBLANK(Q80)),0,IF(AB80<>"", AB80 + IF(AC80=1,AE80, 0), "") * (S80+1)),"") -> 96 | AG80: =SUMIFS(AF$2:AF80,D$2:D80,D80) -> 96
A81: =IF(ISBLANK(B81),"",COUNTIF(B$2:B81,B81))-1 -> 2 | B81: 26 | C81: 46184.875 | D81: =VLOOKUP(Pronostics!$B81,Setup_MPP!$A:$G,3,FALSE) -> Mohamad#5GGG1 | E81: =VLOOKUP(Pronostics!$B81,Setup_MPP!$A:$G,2,FALSE) -> Mohamad EL KAWAS | F81: =VLOOKUP($B81,Setup_MPP!$A:$E,4,FALSE) -> #EB8787 | G81: =VLOOKUP($B81,Setup_MPP!$A:$E,5,FALSE) -> #368E2C | H81: =IFERROR(IF(AND(A81>=1,A81<=104),VLOOKUP($A81,Location!$A:$J,6,FALSE),IF(A81=0,"Avant l'ouverture",IF(OR(A81=105,A81=106),"Bonus"))),"") -> Tour 1 | I81: =IF(LEFT(H81,4)="Tour",VLOOKUP(A81,Database!$A:$C,3,FALSE),"") -> A | J81: =VLOOKUP($A81,Location!$A:$J,7,FALSE) -> Corée du Sud | K81: =IFERROR(VLOOKUP(J81,Setup_Team!$B:$C,2,FALSE), "TDB") -> KOR | L81: =VLOOKUP($A81,Location!$A:$J,8,FALSE) -> Tchéquie | M81: =IFERROR(VLOOKUP(L81,Setup_Team!$B:$C,2,FALSE), "TDB") -> CZE | P81: 1 | Q81: 1 | R81: =IF(AND(A81>0,A81<=104,W81="Terminé"),TEXT(P81,"0")&"-"&TEXT(Q81,"0"),"") -> 1-1 | S81: 0 | T81: =VLOOKUP($A81,Database!$A:$Y,10,FALSE) -> 96 | U81: =VLOOKUP($A81,Database!$A:$Y,11,FALSE) -> 107 | V81: =VLOOKUP($A81,Database!$A:$Y,12,FALSE) -> 91 | W81: =VLOOKUP(A81,Database!A:M,13,FALSE) -> Terminé | X81: =VLOOKUP($A81,Database!$A:$Y,20,FALSE) -> 2 | Y81: =VLOOKUP($A81,Database!$A:$Y,21,FALSE) -> 1 | Z81: =IF(A81=0,0,IF(W81="À venir",0,IF(AND(ISBLANK(P81),ISBLANK(Q81)),1,0))) -> 0 | AA81: =IF(OR(ISBLANK(P81),ISBLANK(Q81)),"",IF(OR(AND(P81>Q81,X81>Y81),AND(P81=Q81,X81=Y81),AND(P81<Q81,X81<Y81)),1,0)) -> 0 | AB81: =IF(C81<NOW(),IF(AND(P81>Q81,X81>Y81),T81,IF(AND(P81=Q81,X81=Y81),U81,IF(AND(P81<Q81,X81<Y81),V81,0))),"") -> 0 | AC81: =IF(AND(P81=X81,Q81=Y81,NOT(ISBLANK(P81)),NOT(ISBLANK(Q81)),NOT(ISBLANK(X81)),NOT(ISBLANK(AB81))),1,0) -> 0 | AD81: =IF(AC81=0,"",IF(OR(ISBLANK(P81),ISBLANK(Q81)),"",IF(ISBLANK(VLOOKUP(A81,Database!A:AA,22,FALSE)),"",VLOOKUP(A81,Database!A:AA,22,FALSE)))) | AE81: =IFERROR( IF( OR(ISBLANK(P81),ISBLANK(Q81)), "", IF( AND(AB81<>"",OR(W81="Terminé",W81="En cours")), VLOOKUP(AD81,Setup_ScoreExactBonus!A:D,4,FALSE), 0 )), 0) -> 0 | AF81: =IFERROR(IF(OR(ISBLANK(P81),ISBLANK(Q81)),0,IF(AB81<>"", AB81 + IF(AC81=1,AE81, 0), "") * (S81+1)),"") -> 0 | AG81: =SUMIFS(AF$2:AF81,D$2:D81,D81) -> 49
A82: =IF(ISBLANK(B82),"",COUNTIF(B$2:B82,B82))-1 -> 2 | B82: 27 | C82: =VLOOKUP($A82+IF($A82=0,1,0),Database!$A:$Y,7,FALSE) -> 46185.167 | D82: =VLOOKUP(Pronostics!$B82,Setup_MPP!$A:$G,3,FALSE) -> maryemkappa | E82: =VLOOKUP(Pronostics!$B82,Setup_MPP!$A:$G,2,FALSE) -> Maryem GUIZANI | F82: =VLOOKUP($B82,Setup_MPP!$A:$E,4,FALSE) -> #BCA2F4 | G82: =VLOOKUP($B82,Setup_MPP!$A:$E,5,FALSE) -> #6D3DD5 | H82: =IFERROR(IF(AND(A82>=1,A82<=104),VLOOKUP($A82,Location!$A:$J,6,FALSE),IF(A82=0,"Avant l'ouverture",IF(OR(A82=105,A82=106),"Bonus"))),"") -> Tour 1 | I82: =IF(LEFT(H82,4)="Tour",VLOOKUP(A82,Database!$A:$C,3,FALSE),"") -> A | J82: =VLOOKUP($A82,Location!$A:$J,7,FALSE) -> Corée du Sud | K82: =IFERROR(VLOOKUP(J82,Setup_Team!$B:$C,2,FALSE), "TDB") -> KOR | L82: =VLOOKUP($A82,Location!$A:$J,8,FALSE) -> Tchéquie | M82: =IFERROR(VLOOKUP(L82,Setup_Team!$B:$C,2,FALSE), "TDB") -> CZE | R82: =IF(AND(A82>0,A82<=104,W82="Terminé"),TEXT(P82,"0")&"-"&TEXT(Q82,"0"),"") -> 0-0 | S82: 0 | T82: =VLOOKUP($A82,Database!$A:$Y,10,FALSE) -> 96 | U82: =VLOOKUP($A82,Database!$A:$Y,11,FALSE) -> 107 | V82: =VLOOKUP($A82,Database!$A:$Y,12,FALSE) -> 91 | W82: =VLOOKUP(A82,Database!A:M,13,FALSE) -> Terminé | X82: =VLOOKUP($A82,Database!$A:$Y,20,FALSE) -> 2 | Y82: =VLOOKUP($A82,Database!$A:$Y,21,FALSE) -> 1 | Z82: =IF(A82=0,0,IF(W82="À venir",0,IF(AND(ISBLANK(P82),ISBLANK(Q82)),1,0))) -> 1 | AA82: =IF(OR(ISBLANK(P82),ISBLANK(Q82)),"",IF(OR(AND(P82>Q82,X82>Y82),AND(P82=Q82,X82=Y82),AND(P82<Q82,X82<Y82)),1,0)) | AB82: =IF(C82<NOW(),IF(AND(P82>Q82,X82>Y82),T82,IF(AND(P82=Q82,X82=Y82),U82,IF(AND(P82<Q82,X82<Y82),V82,0))),"") -> 0 | AC82: =IF(AND(P82=X82,Q82=Y82,NOT(ISBLANK(P82)),NOT(ISBLANK(Q82)),NOT(ISBLANK(X82)),NOT(ISBLANK(AB82))),1,0) -> 0 | AD82: =IF(AC82=0,"",IF(OR(ISBLANK(P82),ISBLANK(Q82)),"",IF(ISBLANK(VLOOKUP(A82,Database!A:AA,22,FALSE)),"",VLOOKUP(A82,Database!A:AA,22,FALSE)))) | AE82: =IFERROR( IF( OR(ISBLANK(P82),ISBLANK(Q82)), "", IF( AND(AB82<>"",OR(W82="Terminé",W82="En cours")), VLOOKUP(AD82,Setup_ScoreExactBonus!A:D,4,FALSE), 0 )), 0) | AF82: =IFERROR(IF(OR(ISBLANK(P82),ISBLANK(Q82)),0,IF(AB82<>"", AB82 + IF(AC82=1,AE82, 0), "") * (S82+1)),"") -> 0 | AG82: =SUMIFS(AF$2:AF82,D$2:D82,D82) -> 0
